0,42.9116,-89.1979,273.1428528
3,42.91154274,-89.19786361,285.0299685
6,42.91148505,-89.19782698,303.5109261
9,42.91142692,-89.19779011,322.2295633
12,42.91136836,-89.19775299,340.9658391
15,42.91130856,-89.19771559,359.705491
18,42.91124749,-89.19767792,378.456897
21,42.91118515,-89.19764001,397.2172807
24,42.91112156,-89.19760187,415.9776644
27,42.91105669,-89.19756351,434.7380481
30,42.91099056,-89.19752496,453.5107759
33,42.91092316,-89.19748623,472.2900913
36,42.91085449,-89.19744733,491.0694066
39,42.91078455,-89.1974083,509.848722
42,42.91071334,-89.19736913,528.6808594
45,42.91064085,-89.19732986,547.5275309
48,42.91056746,-89.19728886,566.3742024
51,42.91049798,-89.19723048,585.2208739
54,42.91043469,-89.19715541,604.0675454
57,42.91037975,-89.19706489,622.9142169
60,42.91033522,-89.1969607,641.7608883
63,42.9103029,-89.19684514,660.6075598
66,42.91028432,-89.19672091,679.4542313
69,42.91028066,-89.19659112,698.3009028
72,42.9102927,-89.19645913,717.1475743
75,42.91032114,-89.19632858,736.3941676
78,42.91036551,-89.1962031,755.2477153
81,42.91042527,-89.19608627,774.1076194
84,42.9104992,-89.19598133,792.9738799
87,42.91057783,-89.195882,811.8464967
90,42.91066092,-89.19578867,830.72547
93,42.91074824,-89.19570171,849.6107996
96,42.91083952,-89.1956215,868.5024857
99,42.91093447,-89.19554836,887.4005281
102,42.91103281,-89.19548261,906.3049268
105,42.91113422,-89.19542454,925.215682
108,42.91123836,-89.19537442,944.1323722
111,42.91134491,-89.19533246,963.0546341
114,42.91145351,-89.19529887,981.9831142
117,42.91156381,-89.19527383,1000.917812
120,42.91167543,-89.19525747,1019.858729
123,42.91178638,-89.1952324,1038.805864
126,42.91189454,-89.19519007,1057.759217
129,42.9119985,-89.1951311,1076.718788
132,42.91209691,-89.19505633,1095.684578
135,42.91218852,-89.19496679,1114.656586
138,42.91227219,-89.19486368,1133.634812
141,42.91234687,-89.19474834,1152.619256
144,42.91241166,-89.19462225,1171.609918
147,42.91246575,-89.19448702,1190.606799
150,42.91250851,-89.19434433,1209.609898
153,42.91253942,-89.19419595,1228.619215
156,42.91255811,-89.1940437,1247.634478
159,42.91256436,-89.19388944,1266.655788
162,42.91255808,-89.19373504,1285.683268
165,42.91253935,-89.19358238,1304.716916
168,42.91250839,-89.19343331,1323.756733
171,42.91246554,-89.19328963,1342.80272
174,42.91241131,-89.19315309,1361.854876
177,42.91234634,-89.19302535,1380.913201
180,42.91227139,-89.19290797,1399.977694
183,42.91218734,-89.19280239,1419.048358
186,42.91209519,-89.19270991,1438.12519
189,42.91199603,-89.19263168,1457.208191
192,42.91189106,-89.19256869,1476.297361
195,42.91178152,-89.19252172,1495.392701
198,42.91166915,-89.1924875,1514.494209
201,42.91155613,-89.19245051,1533.601887
204,42.9114425,-89.19241072,1552.715299
207,42.9113283,-89.1923681,1571.834815
210,42.91121358,-89.19232262,1590.960448
213,42.91109836,-89.19227425,1610.092195
216,42.91098268,-89.19222298,1629.230059
219,42.91086659,-89.19216877,1648.374038
222,42.91075012,-89.19211159,1667.524132
225,42.91063332,-89.19205143,1686.680342
228,42.91051622,-89.19198826,1705.842668
231,42.91039887,-89.19192206,1725.011109
234,42.9102813,-89.19185281,1744.185666
237,42.91016356,-89.19178049,1763.366338
240,42.91004568,-89.19170508,1782.553126
243,42.90992772,-89.19162657,1801.746029
246,42.9098097,-89.19154494,1820.945048
249,42.90969168,-89.19146018,1840.153601
252,42.9095737,-89.19137226,1859.377559
255,42.9094558,-89.19128119,1878.607904
258,42.90933801,-89.19118693,1897.844636
261,42.90922039,-89.19108949,1917.087755
264,42.90910298,-89.19098886,1936.337261
267,42.90898583,-89.19088503,1955.593154
270,42.90886896,-89.19077798,1974.855434
273,42.90875244,-89.19066772,1994.1241
276,42.9086363,-89.19055424,2013.399154
279,42.90851989,-89.19043853,2032.680595
282,42.90840291,-89.19032104,2051.968422
285,42.90828537,-89.19020176,2071.262637
288,42.90816729,-89.1900807,2090.563238
291,42.90804866,-89.18995783,2109.870226
294,42.90792951,-89.18983315,2129.183602
297,42.90780984,-89.18970667,2148.503364
300,42.90768967,-89.18957836,2167.829513
303,42.907569,-89.18944822,2187.162049
306,42.90744785,-89.18931624,2206.500972
309,42.90732623,-89.18918243,2225.846282
312,42.90720415,-89.18904676,2245.197979
315,42.90708161,-89.18890924,2264.556063
318,42.90695864,-89.18876986,2283.920533
321,42.90683525,-89.18862862,2303.291391
324,42.90671143,-89.18848549,2322.668636
327,42.90658722,-89.18834049,2342.052267
330,42.90646261,-89.1881936,2361.442286
333,42.90633761,-89.18804482,2380.838691
336,42.90621225,-89.18789415,2400.241484
339,42.90608653,-89.18774157,2419.650663
342,42.90596046,-89.18758708,2439.066229
345,42.90583405,-89.18743068,2458.488182
348,42.90570731,-89.18727236,2477.916522
351,42.90558026,-89.18711212,2497.35125
354,42.90545291,-89.18694995,2516.792364
357,42.90532527,-89.18678584,2536.239864
360,42.90519734,-89.18661985,2555.693752
363,42.90506889,-89.18645357,2575.154027
366,42.90493993,-89.186287,2594.620689
369,42.90481047,-89.18612016,2614.093738
372,42.90468048,-89.18595303,2633.573173
375,42.90454999,-89.18578563,2653.058996
378,42.90441899,-89.18561795,2672.551205
381,42.90428748,-89.18545,2692.049802
384,42.90415546,-89.18528178,2711.554785
387,42.90402293,-89.18511329,2731.066155
390,42.90388989,-89.18494454,2750.583913
393,42.90375635,-89.18477551,2770.108057
396,42.9036223,-89.18460623,2789.638588
399,42.90348774,-89.18443668,2809.175506
402,42.90335267,-89.18426687,2828.718811
405,42.9032171,-89.18409681,2848.268503
408,42.90308103,-89.18392649,2867.824582
411,42.90294445,-89.18375592,2887.387048
414,42.90280737,-89.18358509,2906.955901
417,42.90266979,-89.18341402,2926.53114
420,42.9025317,-89.18324269,2946.112767
423,42.90239311,-89.18307113,2965.70078
426,42.90225402,-89.18289931,2985.295181
429,42.90211443,-89.18272726,3004.895968
432,42.90197434,-89.18255496,3024.503143
435,42.90183376,-89.18238243,3044.116704
438,42.90169267,-89.18220966,3063.736652
441,42.90155109,-89.18203665,3083.362988
444,42.901409,-89.18186342,3102.99571
447,42.90126646,-89.18168996,3122.634819
450,42.90112392,-89.18151642,3142.280315
453,42.90098137,-89.18134282,3161.932198
456,42.90083882,-89.18116914,3181.590468
459,42.90069627,-89.18099538,3201.255124
462,42.90055373,-89.18082155,3220.926168
465,42.90041118,-89.18064764,3240.603599
468,42.90026863,-89.18047365,3260.287416
471,42.90012608,-89.18029959,3279.977621
474,42.89998354,-89.18012545,3299.674213
477,42.899841,-89.17995123,3319.377191
480,42.89969846,-89.17977694,3339.086556
483,42.89955592,-89.17960256,3358.802309
486,42.89941338,-89.17942811,3378.524448
489,42.89927085,-89.17925358,3398.252974
492,42.89912832,-89.17907897,3417.987887
495,42.8989858,-89.17890427,3437.729187
498,42.89884328,-89.1787295,3457.476874
501,42.89870077,-89.17855465,3477.230948
504,42.89855826,-89.17837971,3496.991409
507,42.89841576,-89.17820469,3516.758257
510,42.89827326,-89.17802959,3536.531492
513,42.89813077,-89.17785441,3556.311113
516,42.89798829,-89.17767914,3576.097122
519,42.89784581,-89.1775038,3595.889518
522,42.89770335,-89.17732836,3615.6883
525,42.89756089,-89.17715285,3635.497489
528,42.89741844,-89.17697725,3655.33461
531,42.897276,-89.17680156,3675.178665
534,42.89713357,-89.17662579,3695.029655
537,42.89699115,-89.17644993,3714.887578
540,42.89684826,-89.17627331,3734.752436
543,42.89670458,-89.17609549,3754.624228
546,42.89656012,-89.17591647,3774.502954
549,42.89641488,-89.17573624,3794.388615
552,42.89626886,-89.17555481,3814.281209
555,42.89612207,-89.17537219,3834.180738
558,42.89597451,-89.17518836,3854.087201
561,42.89582618,-89.17500333,3874.000598
564,42.89567708,-89.17481711,3893.920929
567,42.89552723,-89.17462968,3913.848194
570,42.89537661,-89.17444106,3933.782394
573,42.89522524,-89.17425124,3953.723528
576,42.89507312,-89.17406022,3973.671596
579,42.89492025,-89.17386801,3993.626598
582,42.89476663,-89.1736746,4013.588534
585,42.89461227,-89.17348,4033.557405
588,42.89445716,-89.1732842,4053.533209
591,42.89430132,-89.17308721,4073.515948
594,42.89414475,-89.17288903,4093.505621
597,42.89398745,-89.17268965,4113.502228
600,42.89382941,-89.17248908,4133.505769
603,42.89367065,-89.17228731,4153.516245
606,42.89351117,-89.17208436,4173.533655
609,42.89335097,-89.17188021,4193.557998
612,42.89319006,-89.17167488,4213.589276
615,42.89302843,-89.17146835,4233.627489
618,42.89286609,-89.17126063,4253.672635
621,42.89270304,-89.17105173,4273.724716
624,42.89253929,-89.17084163,4293.78373
627,42.89237484,-89.17063035,4313.849679
630,42.89220969,-89.17041788,4333.922562
633,42.89204384,-89.17020422,4354.00238
636,42.89187716,-89.1699893,4374.089131
639,42.89170945,-89.16977302,4394.182817
642,42.89154071,-89.16955539,4414.283436
645,42.89137096,-89.1693364,4434.39099
648,42.89120018,-89.16911606,4454.505478
651,42.89102839,-89.16889437,4474.626901
654,42.89085558,-89.16867133,4494.755257
657,42.89068176,-89.16844694,4514.890548
660,42.89050693,-89.16822121,4535.032773
663,42.89033109,-89.16799414,4555.181932
666,42.89015424,-89.16776573,4575.338025
669,42.88997639,-89.16753597,4595.501052
672,42.88979754,-89.16730488,4615.671014
675,42.88961769,-89.16707245,4635.84791
678,42.88943684,-89.16683869,4656.031739
681,42.889255,-89.1666036,4676.222504
684,42.88907217,-89.16636718,4696.420202
687,42.88888834,-89.16612942,4716.624834
690,42.88870352,-89.16589034,4736.836401
693,42.88851772,-89.16564994,4757.054901
696,42.88833094,-89.16540821,4777.280336
699,42.88814317,-89.16516516,4797.512706
702,42.88795442,-89.16492079,4817.752009
705,42.88776469,-89.1646751,4837.998246
708,42.88757399,-89.1644281,4858.251418
711,42.88738231,-89.16417978,4878.511524
714,42.88718967,-89.16393015,4898.778564
717,42.88699605,-89.1636792,4919.052538
720,42.88680147,-89.16342694,4939.333446
723,42.88660592,-89.16317338,4959.621289
726,42.88640941,-89.16291851,4979.916065
729,42.88621194,-89.16266233,5000.217776
732,42.88601351,-89.16240485,5020.526421
735,42.88581412,-89.16214607,5040.842001
738,42.88561405,-89.16188607,5061.164514
741,42.88541389,-89.161625,5081.493962
744,42.88521363,-89.16136289,5101.830343
747,42.88501328,-89.16109971,5122.173659
750,42.88481283,-89.16083548,5142.523909
753,42.8846123,-89.16057019,5162.881094
756,42.88441168,-89.16030384,5183.245212
759,42.88421098,-89.16003644,5203.616265
762,42.88401019,-89.15976799,5223.994251
765,42.88380933,-89.15949847,5244.379172
768,42.88360838,-89.1592279,5264.771028
771,42.88340736,-89.15895628,5285.169817
774,42.88320627,-89.1586836,5305.57554
777,42.88300511,-89.15840986,5325.988198
780,42.88280387,-89.15813507,5346.40779
783,42.88260258,-89.15785923,5366.834316
786,42.88240121,-89.15758233,5387.267776
789,42.88219979,-89.15730438,5407.708171
792,42.8819983,-89.15702538,5428.155499
795,42.88179676,-89.15674532,5448.609762
798,42.88159516,-89.15646421,5469.070959
801,42.88139351,-89.15618204,5489.540045
804,42.8811918,-89.15589882,5510.036254
807,42.88099005,-89.15561455,5530.539851
810,42.88078825,-89.15532923,5551.050836
813,42.8805864,-89.15504285,5571.569209
816,42.88038452,-89.15475543,5592.094969
819,42.88018259,-89.15446695,5612.628118
822,42.87998062,-89.15417742,5633.168654
825,42.87977861,-89.15388684,5653.716578
828,42.87957657,-89.15359521,5674.27189
831,42.8793745,-89.15330252,5694.83459
834,42.8791724,-89.15300879,5715.404678
837,42.87897027,-89.15271401,5735.982153
840,42.87876812,-89.15241818,5756.567017
843,42.87856593,-89.15212131,5777.159268
846,42.87836373,-89.15182338,5797.758907
849,42.87816201,-89.15152486,5818.365935
852,42.87796076,-89.15122574,5838.98035
855,42.87775999,-89.15092603,5859.602153
858,42.8775597,-89.15062573,5880.231343
861,42.87735989,-89.15032485,5900.867922
864,42.87716055,-89.15002337,5921.511889
867,42.8769617,-89.14972132,5942.163243
870,42.87676332,-89.14941868,5962.821985
873,42.87656542,-89.14911547,5983.488116
876,42.87636801,-89.14881167,6004.161634
879,42.87617106,-89.1485073,6024.84254
882,42.8759746,-89.14820236,6045.530834
885,42.87577862,-89.14789685,6066.226515
888,42.87558311,-89.14759077,6086.929585
891,42.87538808,-89.14728412,6107.640042
894,42.87519353,-89.1469769,6128.357888
897,42.87499945,-89.14666913,6149.083121
900,42.87480586,-89.14636079,6169.815742
903,42.87461274,-89.14605189,6190.555751
906,42.8744201,-89.14574244,6211.303148
909,42.87422794,-89.14543243,6232.057933
912,42.87403625,-89.14512186,6252.820105
915,42.87384504,-89.14481075,6273.589666
918,42.87365431,-89.14449909,6294.366614
921,42.87346405,-89.14418687,6315.150951
924,42.87327427,-89.14387412,6335.942675
927,42.87308497,-89.14356082,6356.741787
930,42.87289614,-89.14324698,6377.548287
933,42.87270779,-89.1429326,6398.362174
936,42.87251992,-89.14261768,6419.18345
939,42.87233252,-89.14230223,6440.012114
942,42.8721456,-89.14198624,6460.848165
945,42.87195916,-89.14166972,6481.691604
948,42.87177318,-89.14135267,6502.542432
951,42.87158769,-89.1410351,6523.400647
954,42.87140267,-89.14071699,6544.26625
957,42.87121812,-89.14039837,6565.13924
960,42.87103405,-89.14007922,6586.019619
963,42.87085046,-89.13975948,6606.907386
966,42.87066735,-89.1394387,6627.80254
969,42.87048473,-89.1391169,6648.705083
972,42.8703026,-89.13879406,6669.615013
975,42.87012096,-89.1384702,6690.532331
978,42.86993981,-89.13814532,6711.457037
981,42.86975915,-89.13781941,6732.389131
984,42.86957899,-89.13749249,6753.328613
987,42.86939932,-89.13716456,6774.275482
990,42.86922015,-89.13683561,6795.22974
993,42.86904148,-89.13650566,6816.191385
996,42.86886331,-89.1361747,6837.160418
999,42.86868564,-89.13584274,6858.136839
1002,42.86850847,-89.13550978,6879.120648
1005,42.86833181,-89.13517582,6900.111845
1008,42.86815565,-89.13484087,6921.11043
1011,42.86798,-89.13450493,6942.116403
1014,42.86780485,-89.134168,6963.129763
1017,42.86763022,-89.13383009,6984.150512
1020,42.86745609,-89.1334912,7005.178648
1023,42.86728248,-89.13315132,7026.214172
1026,42.86710937,-89.13281048,7047.257084
1029,42.86693679,-89.13246866,7068.307384
1032,42.86676471,-89.13212587,7089.365072
1035,42.86659315,-89.13178211,7110.430148
1038,42.86642211,-89.13143739,7131.502611
1041,42.86625159,-89.13109171,7152.582463
1044,42.86608159,-89.13074507,7173.669702
1047,42.8659121,-89.13039748,7194.764329
1050,42.86574314,-89.13004893,7215.866344
1053,42.8655747,-89.12969944,7236.975747
1056,42.86540679,-89.129349,7258.092538
1059,42.8652394,-89.12899762,7279.216717
1062,42.86507253,-89.1286453,7300.348284
1065,42.86490619,-89.12829204,7321.487238
1068,42.86474038,-89.12793785,7342.63358
1071,42.8645751,-89.12758273,7363.787311
1074,42.86441035,-89.12722668,7384.948429
1077,42.86424613,-89.12686971,7406.116935
1080,42.86408244,-89.12651181,7427.321174
1083,42.86391928,-89.12615299,7448.535404
1086,42.86375666,-89.12579326,7469.757583
1089,42.86359453,-89.12543248,7490.98771
1092,42.86343281,-89.12507038,7512.225785
1095,42.8632715,-89.12470694,7533.47181
1098,42.8631106,-89.12434219,7554.725782
1101,42.86295012,-89.12397611,7575.987704
1104,42.86279006,-89.12360871,7597.257574
1107,42.86263042,-89.12324,7618.535392
1110,42.86247121,-89.12286997,7639.821159
1113,42.86231243,-89.12249863,7661.114875
1116,42.86215408,-89.12212599,7682.416539
1119,42.86199617,-89.12175204,7703.726152
1122,42.8618387,-89.12137678,7725.043713
1125,42.86168167,-89.12100023,7746.369223
1128,42.86152508,-89.12062237,7767.702682
1131,42.86136895,-89.12024322,7789.044089
1134,42.86121327,-89.11986278,7810.393445
1137,42.86105804,-89.11948105,7831.750749
1140,42.86090327,-89.11909804,7853.116002
1143,42.86074897,-89.11871374,7874.489203
1146,42.86059513,-89.11832816,7895.870353
1149,42.86044175,-89.11794129,7917.259452
1152,42.86028885,-89.11755316,7938.656499
1155,42.86013642,-89.11716375,7960.061495
1158,42.85998447,-89.11677307,7981.474439
1161,42.859833,-89.11638112,8002.895332
1164,42.85968201,-89.11598791,8024.324173
1167,42.85953151,-89.11559344,8045.760963
1170,42.85938149,-89.11519771,8067.205702
1173,42.85923197,-89.11480072,8088.658389
1176,42.85908294,-89.11440248,8110.119025
1179,42.85893441,-89.11400299,8131.587609
1182,42.85878638,-89.11360225,8153.064142
1185,42.85863885,-89.11320027,8174.548623
1188,42.85849183,-89.11279705,8196.041053
1191,42.85834532,-89.11239258,8217.541432
1194,42.85819931,-89.11198689,8239.049759
1197,42.85805383,-89.11157996,8260.566035
1200,42.85790885,-89.11117179,8282.090259
1203,42.8577644,-89.11076241,8303.622432
1206,42.85762047,-89.11035179,8325.162554
1209,42.85747707,-89.10993996,8346.710624
1212,42.85733419,-89.10952691,8368.266643
1215,42.85719184,-89.10911264,8389.83061
1218,42.85705002,-89.10869716,8411.402526
1221,42.85690874,-89.10828047,8432.98239
1224,42.856768,-89.10786258,8454.570203
1227,42.85662743,-89.10744397,8476.165965
1230,42.85648704,-89.10702463,8497.769675
1233,42.85634683,-89.10660456,8519.381333
1236,42.8562068,-89.10618378,8541.000941
1239,42.85606696,-89.10576228,8562.628496
1242,42.8559273,-89.10534006,8584.264001
1245,42.85578782,-89.10491712,8605.907454
1248,42.85564853,-89.10449347,8627.558855
1251,42.85550943,-89.10406911,8649.218206
1254,42.85537051,-89.10364404,8670.885504
1257,42.85523178,-89.10321826,8692.560752
1260,42.85509324,-89.10279177,8714.243947
1263,42.85495488,-89.10236458,8735.935092
1266,42.85481672,-89.10193669,8757.634185
1269,42.85467875,-89.10150809,8779.341227
1272,42.85454096,-89.1010788,8801.056217
1275,42.85440337,-89.10064881,8822.779155
1278,42.85426598,-89.10021812,8844.510043
1281,42.85412877,-89.09978674,8866.248879
1284,42.85399176,-89.09935467,8887.995663
1287,42.85385495,-89.09892191,8909.750396
1290,42.85371833,-89.09848846,8931.513078
1293,42.8535819,-89.09805432,8953.283708
1296,42.85344568,-89.0976195,8975.062287
1299,42.85330965,-89.097184,8996.848814
1302,42.85317382,-89.09674782,9018.64329
1305,42.85303818,-89.09631095,9040.445715
1308,42.85290275,-89.09587341,9062.256088
1311,42.85276752,-89.09543519,9084.074409
1314,42.85263249,-89.0949963,9105.90068
1317,42.85249766,-89.09455674,9127.734898
1320,42.85236303,-89.09411651,9149.577066
1323,42.85222861,-89.0936756,9171.427182
1326,42.85209438,-89.09323403,9193.285246
1329,42.85196037,-89.0927918,9215.15126
1332,42.85182655,-89.0923489,9237.025221
1335,42.85169294,-89.09190534,9258.907131
1338,42.85155954,-89.09146112,9280.79699
1341,42.85142635,-89.09101625,9302.694798
1344,42.85129336,-89.09057071,9324.600554
1347,42.85116057,-89.09012452,9346.514258
1350,42.851028,-89.08967768,9368.435911
1353,42.85089564,-89.08923019,9390.365513
1356,42.85076348,-89.08878205,9412.303063
1359,42.85063153,-89.08833326,9434.248562
1362,42.8504998,-89.08788382,9456.20201
1365,42.85036827,-89.08743374,9478.163406
1368,42.85023696,-89.08698301,9500.13275
1371,42.85010585,-89.08653165,9522.110044
1374,42.84997478,-89.08608021,9544.095285
1377,42.84984348,-89.08562953,9566.088476
1380,42.84971194,-89.08517961,9588.089615
1383,42.84958017,-89.08473046,9610.098702
1386,42.84944817,-89.08428206,9632.115738
1389,42.84931594,-89.08383441,9654.140723
1392,42.84918349,-89.08338752,9676.173656
1395,42.84905082,-89.08294139,9698.214538
1398,42.84891793,-89.08249601,9720.263368
1401,42.84878482,-89.08205137,9742.336874
1404,42.84865149,-89.08160749,9764.443852
1407,42.84851795,-89.08116436,9786.560116
1410,42.8483842,-89.08072197,9808.685666
1413,42.84825023,-89.08028033,9830.820501
1416,42.84811606,-89.07983944,9852.964622
1419,42.84798168,-89.07939929,9875.118029
1422,42.84784709,-89.07895988,9897.280721
1425,42.8477123,-89.07852121,9919.452699
1428,42.84757731,-89.07808328,9941.633963
1431,42.84744213,-89.07764608,9963.824513
1434,42.84730674,-89.07720962,9986.024348
1437,42.84717116,-89.0767739,10008.23347
1440,42.84703539,-89.07633891,10030.45188
1443,42.84689942,-89.07590465,10052.67957
1446,42.84676326,-89.07547112,10074.91655
1449,42.84662692,-89.07503831,10097.16281
1452,42.84649039,-89.07460624,10119.41836
1455,42.84635368,-89.07417489,10141.6832
1458,42.84621678,-89.07374426,10163.95732
1461,42.84607971,-89.07331436,10186.24072
1464,42.84594245,-89.07288518,10208.53342
1467,42.84580502,-89.07245672,10230.83539
1470,42.84566741,-89.07202897,10253.14666
1473,42.84552963,-89.07160194,10275.46721
1476,42.84539167,-89.07117563,10297.79704
1479,42.84525355,-89.07075003,10320.13616
1482,42.84511526,-89.07032515,10342.48457
1485,42.8449768,-89.06990097,10364.84226
1488,42.84483818,-89.06947751,10387.20924
1491,42.84469939,-89.06905475,10409.58551
1494,42.84456044,-89.0686327,10431.97106
1497,42.84442133,-89.06821135,10454.36589
1500,42.84428206,-89.06779071,10476.77001
1503,42.84414264,-89.06737077,10499.18342
1506,42.84400306,-89.06695153,10521.60611
1509,42.84386333,-89.06653299,10544.03809
1512,42.84372344,-89.06611515,10566.47935
1515,42.84358341,-89.065698,10588.9299
1518,42.84344322,-89.06528155,10611.38974
1521,42.84330289,-89.06486579,10633.85886
1524,42.84316241,-89.06445073,10656.33727
1527,42.84302179,-89.06403635,10678.82496
1530,42.84288103,-89.06362267,10701.32194
1533,42.84274012,-89.06320967,10723.8282
1536,42.84259908,-89.06279736,10746.34375
1539,42.84245842,-89.06238441,10768.86859
1542,42.84231884,-89.0619691,10791.40271
1545,42.84218035,-89.06155146,10813.94611
1548,42.84204295,-89.06113149,10836.49881
1551,42.84190665,-89.06070919,10859.06079
1554,42.84177148,-89.06028458,10881.63205
1557,42.84163743,-89.05985766,10904.2126
1560,42.84150452,-89.05942844,10926.80243
1563,42.84137276,-89.05899694,10949.40156
1566,42.84124215,-89.05856316,10972.00996
1569,42.84111272,-89.05812711,10994.62766
1572,42.84098446,-89.05768879,11017.25463
1575,42.84085739,-89.05724823,11039.8909
1578,42.84073152,-89.05680543,11062.53645
1581,42.84060686,-89.0563604,11085.19128
1584,42.84048341,-89.05591316,11107.8564
1587,42.84036119,-89.05546369,11130.5829
1590,42.84024021,-89.05501203,11153.3209
1593,42.84012047,-89.05455817,11176.07041
1596,42.84000199,-89.05410212,11198.83143
1599,42.83988477,-89.05364391,11221.60395
1602,42.83976883,-89.05318354,11244.38798
1605,42.83965417,-89.05272101,11267.18351
1608,42.8395408,-89.05225635,11289.99055
1611,42.83942872,-89.05178956,11312.8091
1614,42.83931796,-89.05132066,11335.63916
1617,42.8392085,-89.05084966,11358.48072
1620,42.83910037,-89.05037656,11381.33379
1623,42.83899357,-89.04990138,11404.19837
1626,42.83888811,-89.04942413,11427.07445
1629,42.83878399,-89.04894483,11449.96204
1632,42.83868122,-89.04846349,11472.86113
1635,42.83857981,-89.04798011,11495.77173
1638,42.83847977,-89.04749471,11518.69384
1641,42.8383811,-89.04700731,11541.62746
1644,42.83828382,-89.04651791,11564.57258
1647,42.83818791,-89.04602653,11587.52921
1650,42.83809341,-89.04553318,11610.49734
1653,42.8380003,-89.04503787,11633.47699
1656,42.83790859,-89.04454062,11656.46813
1659,42.8378183,-89.04404143,11679.47079
1662,42.83772943,-89.04354033,11702.48495
1665,42.83764198,-89.04303733,11725.51062
1668,42.83755596,-89.04253243,11748.54779
1671,42.83747138,-89.04202565,11771.59648
1674,42.83738823,-89.041517,11794.65666
1677,42.83730653,-89.0410065,11817.72836
1680,42.83722629,-89.04049416,11840.81156
1683,42.83714749,-89.03998,11863.90627
1686,42.83707016,-89.03946402,11887.01248
1689,42.8369943,-89.03894624,11910.1302
1692,42.83691991,-89.03842667,11933.25943
1695,42.83684699,-89.03790532,11956.40017
1698,42.83677555,-89.03738222,11979.55241
1701,42.8367056,-89.03685737,12002.71615
1704,42.83663713,-89.03633078,12025.89141
1707,42.83657016,-89.03580248,12049.07817
1710,42.83650469,-89.03527246,12072.27644
1713,42.83644071,-89.03474075,12095.48621
1716,42.83637824,-89.03420737,12118.70749
1719,42.83631728,-89.03367231,12141.94028
1722,42.83625783,-89.0331356,12165.18457
1725,42.8361999,-89.03259725,12188.45246
1728,42.8361436,-89.03205833,12211.76957
1731,42.83608905,-89.03151998,12235.10024
1734,42.83603623,-89.03098221,12258.44449
1737,42.83598514,-89.03044503,12281.8023
1740,42.83593577,-89.02990846,12305.17368
1743,42.8358881,-89.02937248,12328.55864
1746,42.83584213,-89.02883713,12351.95716
1749,42.83579783,-89.0283024,12375.36926
1752,42.83575522,-89.0277683,12398.79492
1755,42.83571426,-89.02723483,12422.23416
1758,42.83567496,-89.02670202,12445.68696
1761,42.83563731,-89.02616986,12469.15333
1764,42.83560128,-89.02563836,12492.63328
1767,42.83556688,-89.02510753,12516.12679
1770,42.83553409,-89.02457738,12539.63388
1773,42.8355029,-89.0240479,12563.15453
1776,42.83547331,-89.02351912,12586.68875
1779,42.8354453,-89.02299104,12610.23655
1782,42.83541886,-89.02246366,12633.79791
1785,42.83539399,-89.02193699,12657.37284
1788,42.83537067,-89.02141103,12680.96135
1791,42.8353489,-89.0208858,12704.56342
1794,42.83532865,-89.02036129,12728.17907
1797,42.83530994,-89.01983752,12751.80828
1800,42.83529274,-89.01931449,12775.45106
1803,42.83527704,-89.0187922,12799.10742
1806,42.83526284,-89.01827067,12822.77734
1809,42.83525013,-89.01774989,12846.46083
1812,42.83523889,-89.01722988,12870.1579
1815,42.83522913,-89.01671063,12893.86853
1818,42.83522082,-89.01619216,12917.59273
1821,42.83521396,-89.01567446,12941.33051
1824,42.83520854,-89.01515754,12965.08185
1827,42.83520456,-89.01464142,12988.84676
1830,42.83520199,-89.01412608,13012.62525
1833,42.83520085,-89.01361154,13036.4173
1836,42.8352011,-89.01309781,13060.22292
1839,42.83520275,-89.01258488,13084.04212
1842,42.83520579,-89.01207276,13107.87488
1845,42.83521021,-89.01156145,13131.72121
1848,42.835216,-89.01105096,13155.58112
1851,42.83522314,-89.0105413,13179.45459
1854,42.83523164,-89.01003246,13203.34163
1857,42.83524149,-89.00952445,13227.24224
1860,42.83525267,-89.00901728,13251.15643
1863,42.83526517,-89.00851094,13275.08418
1866,42.835279,-89.00800545,13299.03806
1869,42.83529414,-89.0075008,13323.01997
1872,42.83531058,-89.006997,13347.01656
1875,42.83532831,-89.00649406,13371.02782
1878,42.83534734,-89.00599197,13395.05377
1881,42.83536764,-89.00549074,13419.09439
1884,42.83538921,-89.00499037,13443.1497
1887,42.83541205,-89.00449087,13467.21968
1890,42.83543614,-89.00399224,13491.30434
1893,42.83546147,-89.00349448,13515.40369
1896,42.83548805,-89.0029976,13539.51771
1899,42.83551586,-89.00250159,13563.6464
1902,42.83554489,-89.00200647,13587.78978
1905,42.83557514,-89.00151222,13611.94784
1908,42.83560659,-89.00101886,13636.12057
1911,42.83563925,-89.00052639,13660.30799
1914,42.8356731,-89.00003481,13684.51008
1917,42.83570814,-88.99954413,13708.72685
1920,42.83574435,-88.99905433,13732.9583
1923,42.83578173,-88.99856543,13757.20443
1926,42.83582028,-88.99807743,13781.46524
1929,42.83585998,-88.99759032,13805.74073
1932,42.83590083,-88.99710411,13830.03089
1935,42.83594282,-88.9966188,13854.33574
1938,42.83598594,-88.9961344,13878.65526
1941,42.83603019,-88.99565089,13902.98946
1944,42.83607556,-88.9951683,13927.33835
1947,42.83612204,-88.99468661,13951.70191
1950,42.83616963,-88.99420583,13976.08015
1953,42.83621831,-88.99372596,14000.47306
1956,42.83626809,-88.99324701,14024.88066
1959,42.83631895,-88.99276896,14049.30294
1962,42.83637032,-88.99229235,14073.73989
1965,42.8364205,-88.99181873,14098.19152
1968,42.83646949,-88.99134809,14122.65784
1971,42.83651732,-88.99088045,14147.13883
1974,42.836564,-88.99041578,14171.6345
1977,42.83660953,-88.9899541,14196.14485
1980,42.83665394,-88.9894954,14220.66988
1983,42.83669725,-88.98903967,14245.20958
1986,42.83673945,-88.98858691,14269.76397
1989,42.83678057,-88.98813712,14294.33303
1992,42.83682063,-88.98769029,14318.91677
1995,42.83685963,-88.98724642,14343.5152
1998,42.83689758,-88.9868055,14368.1283
2001,42.83693451,-88.98636753,14392.75608
2004,42.83697043,-88.98593251,14417.39854
2007,42.83700535,-88.98550043,14442.06131
2010,42.83703928,-88.98507128,14466.74136
2013,42.83707223,-88.98464507,14491.43643
2016,42.83710422,-88.98422178,14516.14651
2019,42.83713527,-88.98380142,14540.8716
2022,42.83716538,-88.98338397,14565.61171
2025,42.83719457,-88.98296943,14590.36683
2028,42.83722285,-88.9825578,14615.13696
2031,42.83725024,-88.98214907,14639.92211
2034,42.83727674,-88.98174324,14664.72227
2037,42.83730238,-88.98134029,14689.53744
2040,42.83732715,-88.98094023,14714.36763
2043,42.83735108,-88.98054305,14739.21284
2046,42.83737418,-88.98014874,14764.07305
2049,42.83739645,-88.97975729,14788.94828
2052,42.83741792,-88.97936871,14813.83853
2055,42.83743859,-88.97898298,14838.74378
2058,42.83745848,-88.9786001,14863.66405
2061,42.8374776,-88.97822006,14888.59934
2064,42.83749596,-88.97784285,14913.54964
2067,42.83751356,-88.97746848,14938.51495
2070,42.83753043,-88.97709692,14963.49527
2073,42.83754658,-88.97672818,14988.49061
2076,42.83756201,-88.97636226,15013.50097
2079,42.83757674,-88.97599913,15038.52633
2082,42.83759078,-88.9756388,15063.56672
2085,42.83760414,-88.97528126,15088.62211
2088,42.83761684,-88.97492651,15113.69252
2091,42.83762887,-88.97457453,15138.77794
2094,42.83764026,-88.97422532,15163.87838
2097,42.83765101,-88.97387887,15188.99382
2100,42.83766114,-88.97353517,15214.12429
2103,42.83767066,-88.97319423,15239.26976
2106,42.83767957,-88.97285603,15264.43025
2109,42.83768789,-88.97252056,15289.60576
2112,42.83769563,-88.97218782,15314.79628
2115,42.8377028,-88.9718578,15340.00181
2118,42.83770941,-88.97153049,15365.22235
2121,42.83771546,-88.97120589,15390.45791
2124,42.83772097,-88.97088398,15415.70848
2127,42.83772596,-88.97056477,15440.97407
2130,42.83773042,-88.97024824,15466.25467
2133,42.83773437,-88.96993439,15491.55028
2136,42.83773782,-88.96962321,15516.86091
2139,42.83774078,-88.9693147,15542.18655
2142,42.83774326,-88.96900883,15567.52721
2145,42.83774526,-88.96870562,15592.88288
2148,42.8377468,-88.96840505,15618.26885
2151,42.83774789,-88.96810711,15643.6715
2154,42.83774853,-88.9678118,15669.08984
2157,42.83774874,-88.96751911,15694.52388
2160,42.83774852,-88.96722903,15719.97361
2163,42.83774789,-88.96694156,15745.43905
2166,42.83774684,-88.96665669,15770.92017
2169,42.8377454,-88.96637441,15796.417
2172,42.83774357,-88.96609471,15821.92952
2175,42.83774135,-88.96581759,15847.45773
2178,42.83773876,-88.96554304,15873.00165
2181,42.83773581,-88.96527105,15898.56126
2184,42.8377325,-88.96500161,15924.13657
2187,42.83772885,-88.96473472,15949.72757
2190,42.83772485,-88.96447036,15975.33427
2193,42.83772052,-88.96420854,16000.95666
2196,42.83771587,-88.96394925,16026.59476
2199,42.83771091,-88.96369247,16052.24855
2202,42.83770564,-88.9634382,16077.91803
2205,42.83770007,-88.96318643,16103.60321
2208,42.83769421,-88.96293716,16129.30409
2211,42.83768807,-88.96269038,16155.02067
2214,42.83768165,-88.96244607,16180.75294
2217,42.83767497,-88.96220424,16206.50091
2220,42.83766803,-88.96196487,16232.26457
2223,42.83766083,-88.96172796,16258.04393
2226,42.83765339,-88.9614935,16283.83899
2229,42.83764571,-88.96126149,16309.64974
2232,42.8376378,-88.96103191,16335.47619
2235,42.83762967,-88.96080476,16361.31834
2238,42.83762133,-88.96058003,16387.17618
2241,42.83761277,-88.96035771,16413.04972
2244,42.83760402,-88.9601378,16438.93896
2247,42.83759507,-88.95992029,16464.84389
2250,42.83758593,-88.95970517,16490.76452
2253,42.83757661,-88.95949244,16516.70085
2256,42.83756712,-88.95928208,16542.65287
2259,42.83755747,-88.95907409,16568.62059
2262,42.83754765,-88.95886847,16594.604
2265,42.83753768,-88.9586652,16620.60312
2268,42.83752757,-88.95846428,16646.61792
2271,42.83751895,-88.95826559,16672.64843
2274,42.83751386,-88.95806906,16698.69463
2277,42.83751218,-88.95787479,16724.75653
2280,42.83751383,-88.95768287,16750.83412
2283,42.83751872,-88.95749341,16776.92741
2286,42.83752673,-88.95730649,16803.05919
2289,42.83753779,-88.95712222,16829.30945
2292,42.8375518,-88.95694068,16855.55972
2295,42.83756865,-88.95676194,16881.80998
2298,42.83758823,-88.95658606,16908.06024
2301,42.83761045,-88.95641311,16934.31051
2304,42.8376352,-88.95624315,16960.56077
2307,42.83766238,-88.95607623,16986.81174
2310,42.8376919,-88.95591242,17013.19563
2313,42.83772364,-88.95575176,17039.57952
2316,42.83775752,-88.95559428,17065.96341
2319,42.83779343,-88.95544002,17092.3473
2322,42.83783126,-88.95528901,17118.73119
2325,42.83787091,-88.95514127,17145.11508
2328,42.8379123,-88.95499683,17171.49896
2331,42.83795532,-88.95485571,17198.08325
2334,42.83799989,-88.95471795,17224.70529
2337,42.8380459,-88.95458354,17251.32734
2340,42.83809326,-88.9544525,17277.94938
2343,42.83814188,-88.95432481,17304.57142
2346,42.83819167,-88.95420047,17331.19346
2349,42.83824252,-88.95407948,17357.81551
2352,42.83829436,-88.95396183,17384.43755
2355,42.83834709,-88.9538475,17411.05959
2358,42.83840062,-88.95373646,17437.68164
2361,42.83845488,-88.95362871,17464.30368
2364,42.83850979,-88.95352422,17490.92572
2367,42.83856525,-88.95342296,17517.59587
2370,42.8386212,-88.95332494,17544.46002
2373,42.83867756,-88.95323012,17571.32417
2376,42.83873425,-88.95313846,17598.18833
2379,42.8387912,-88.95304992,17625.05248
2382,42.83884833,-88.95296448,17651.91663
2385,42.83890558,-88.95288209,17678.78078
2388,42.83896288,-88.9528027,17705.64493
2391,42.83902016,-88.95272628,17732.50908
2394,42.83907735,-88.95265277,17759.37324
2397,42.83913441,-88.95258213,17786.23739
2400,42.83919125,-88.95251431,17813.10154
2403,42.83924784,-88.95244926,17839.96569
2406,42.8393041,-88.95238696,17867.22542
2409,42.83935997,-88.9523274,17894.80112
2412,42.83941541,-88.95227052,17922.37682
2415,42.83947036,-88.95221627,17949.95252
2418,42.83952476,-88.95216457,17977.52822
2421,42.83957857,-88.95211538,18005.10392
2424,42.83963174,-88.95206864,18032.67962
2427,42.83968422,-88.95202428,18060.25532
2430,42.83973598,-88.95198224,18087.83102
2433,42.83978697,-88.95194246,18115.40672
2436,42.83983714,-88.95190488,18142.98242
2439,42.83988647,-88.95186944,18170.55812
2442,42.83993492,-88.95183606,18198.13381
2445,42.83998245,-88.9518047,18225.70951
2448,42.84002903,-88.95177529,18253.28521
2451,42.84007462,-88.95174775,18280.86091
2454,42.84011921,-88.95172204,18308.43661
2457,42.84016276,-88.95169809,18336.01231
2460,42.84020524,-88.95167582,18363.58801
2463,42.84024663,-88.95165519,18391.16371
2466,42.84028691,-88.95163612,18418.73941
2469,42.84032605,-88.95161856,18446.31511
2472,42.84036404,-88.95160243,18473.89081
2475,42.84040085,-88.95158769,18501.46651
2478,42.84043647,-88.95157426,18529.04221
2481,42.84047088,-88.95156208,18556.61791
2484,42.84050407,-88.9515511,18584.19361
2487,42.84053602,-88.95154124,18611.76931
2490,42.84056673,-88.95153246,18639.34501
2493,42.84059617,-88.95152468,18666.92071
2496,42.84062434,-88.95151786,18694.49641
2499,42.84065123,-88.95151192,18722.07211
2502,42.84067683,-88.95150682,18749.64781
2505,42.84070114,-88.95150248,18777.22351
2508,42.84072415,-88.95149886,18804.79921
2511,42.84074586,-88.9514959,18832.37491
2514,42.84076625,-88.95149353,18860.11911
2517,42.84078531,-88.95149172,18887.87868
2520,42.8408031,-88.95149039,18915.63824
2523,42.84082208,-88.9514897,18943.3978
2526,42.84084224,-88.95148972,18971.15737
2529,42.84086356,-88.95149054,18998.91693
2532,42.84088602,-88.95149224,19026.6765
2535,42.84090959,-88.9514949,19054.43606
2538,42.84093424,-88.95149861,19082.19593
2541,42.84095995,-88.95150343,19110.00194
2544,42.84098669,-88.95150945,19137.80794
2547,42.84101442,-88.95151674,19165.69309
2550,42.8410431,-88.95152538,19193.60068
2553,42.8410727,-88.95153544,19221.42227
2556,42.84110302,-88.95154667,19243.95641
2559,42.84113396,-88.95155901,19264.32196
2562,42.8411655,-88.95157248,19284.63391
2565,42.84119762,-88.95158711,19304.95458
2568,42.84123029,-88.95160295,19325.28443
2571,42.8412635,-88.95162001,19345.67454
2574,42.84129721,-88.95163833,19366.12421
2577,42.84133141,-88.95165796,19386.57387
2580,42.84136606,-88.9516789,19407.02354
2583,42.84140115,-88.95170119,19427.4732
2586,42.84143664,-88.95172486,19447.92287
2589,42.8414725,-88.95174993,19468.37253
2592,42.84150871,-88.95177642,19488.8222
2595,42.84154524,-88.95180436,19509.27186
2598,42.84158206,-88.95183377,19529.72153
2601,42.84161914,-88.95186468,19550.27806
2604,42.84165646,-88.95189711,19570.83471
2607,42.84169398,-88.95193107,19591.39137
2610,42.84173167,-88.95196658,19611.94803
2613,42.8417695,-88.95200367,19632.50468
2616,42.84180743,-88.95204234,19653.06134
2619,42.84184545,-88.95208262,19673.61799
2622,42.84188351,-88.9521245,19694.17465
2625,42.84192159,-88.95216802,19714.73131
2628,42.84195965,-88.95221319,19735.60907
2631,42.84199765,-88.95226006,19756.74071
2634,42.84203556,-88.95230863,19777.87235
2637,42.84207335,-88.95235892,19799.00399
2640,42.84211099,-88.95241092,19820.13563
2643,42.84214843,-88.95246464,19841.26727
2646,42.84218564,-88.95252009,19862.39891
2649,42.84222259,-88.95257726,19883.53055
2652,42.84225925,-88.95263617,19904.66219
2655,42.84229557,-88.95269681,19925.79383
2658,42.84233153,-88.95275918,19946.92547
2661,42.84236708,-88.95282328,19968.05711
2664,42.84240219,-88.9528891,19989.18875
2667,42.84243684,-88.95295664,20010.32039
2670,42.84247098,-88.9530259,20031.45203
2673,42.84250457,-88.95309686,20052.58367
2676,42.8425376,-88.95316953,20073.71531
2679,42.84257001,-88.95324388,20094.84695
2682,42.84260178,-88.95331992,20115.97859
2685,42.84263287,-88.95339762,20137.11023
2688,42.84266325,-88.95347698,20158.24187
2691,42.84269288,-88.95355798,20179.37351
2694,42.84272174,-88.9536406,20200.50515
2697,42.84274979,-88.95372484,20221.63679
2700,42.84277699,-88.95381067,20242.76843
2703,42.84280332,-88.95389807,20263.90007
2706,42.84282874,-88.95398704,20285.03171
2709,42.84285323,-88.95407753,20306.16335
2712,42.84287674,-88.95416955,20327.29498
2715,42.84289925,-88.95426305,20348.42662
2718,42.84292074,-88.95435802,20369.55826
2721,42.84294116,-88.95445444,20390.6899
2724,42.8429605,-88.95455228,20411.82154
2727,42.84297871,-88.95465151,20432.95318
2730,42.84299578,-88.9547521,20454.08482
2733,42.84301168,-88.95485403,20475.21646
2736,42.84302637,-88.95495727,20496.3481
2739,42.84303983,-88.9550618,20517.47974
2742,42.84305204,-88.95516756,20538.61138
2745,42.84306297,-88.95527455,20559.74302
2748,42.84307259,-88.95538272,20580.87466
2751,42.84308088,-88.95549204,20602.0063
2754,42.84308782,-88.95560248,20623.13794
2757,42.84309338,-88.95571401,20644.26958
2760,42.84309754,-88.95582658,20665.40122
2763,42.84310027,-88.95594016,20686.53286
2766,42.84310157,-88.95605473,20707.6645
2769,42.84310139,-88.95617023,20728.79614
2772,42.84309974,-88.95628663,20749.92778
2775,42.84309655,-88.95640391,20771.45098
2778,42.84309179,-88.95652204,20793.1985
2781,42.84308544,-88.95664097,20814.94603
2784,42.84307749,-88.95676067,20836.69355
2787,42.84306792,-88.95688109,20858.44108
2790,42.8430567,-88.95700218,20880.1886
2793,42.84304383,-88.95712391,20901.93612
2796,42.84302929,-88.95724623,20923.68365
2799,42.84301306,-88.95736909,20945.43117
2802,42.84299513,-88.95749246,20967.17869
2805,42.8429755,-88.95761628,20988.92622
2808,42.84295413,-88.95774051,21010.67374
2811,42.84293104,-88.9578651,21032.42127
2814,42.84290639,-88.95799016,21054.16879
2817,42.84288158,-88.95811663,21075.91631
2820,42.8428566,-88.95824452,21097.66384
2823,42.84283146,-88.95837381,21119.41136
2826,42.84280616,-88.9585045,21141.15889
2829,42.84278071,-88.95863659,21162.90641
2832,42.84275511,-88.95877007,21184.65393
2835,42.84272935,-88.95890494,21206.40146
2838,42.84270345,-88.95904119,21228.14898
2841,42.8426774,-88.95917882,21249.8965
2844,42.84265121,-88.95931783,21271.64403
2847,42.84262489,-88.95945821,21293.39155
2850,42.84259842,-88.95959996,21315.13908
2853,42.84257182,-88.95974308,21336.8866
2856,42.84254509,-88.95988755,21358.63412
2859,42.84251823,-88.96003337,21380.38165
2862,42.84249125,-88.96018055,21402.12917
2865,42.84246414,-88.96032907,21423.8767
2868,42.84243691,-88.96047893,21445.62422
2871,42.84240956,-88.96063013,21467.37174
2874,42.8423821,-88.96078267,21489.11927
2877,42.84235452,-88.96093653,21510.86679
2880,42.84232683,-88.96109171,21532.61432
2883,42.84229904,-88.96124822,21554.36184
2886,42.84227113,-88.96140604,21576.10936
2889,42.84224313,-88.96156518,21597.85689
2892,42.84221502,-88.96172562,21619.60441
2895,42.84218681,-88.96188736,21641.35193
2898,42.8421585,-88.96205041,21663.09946
2901,42.8421301,-88.96221474,21684.84698
2904,42.84210161,-88.96238037,21706.59451
2907,42.84207303,-88.96254728,21728.34203
2910,42.84204436,-88.96271548,21750.08955
2913,42.8420156,-88.96288495,21771.83708
2916,42.84198676,-88.9630557,21793.5846
2919,42.84195784,-88.96322771,21815.33213
2922,42.84192884,-88.96340101,21837.54027
2925,42.84189976,-88.96357562,21859.93377
2928,42.8418706,-88.96375151,21882.32726
2931,42.84184137,-88.9639287,21904.72076
2934,42.84181206,-88.96410716,21927.11425
2937,42.84178268,-88.96428691,21949.50775
2940,42.84175324,-88.96446793,21971.90124
2943,42.84172373,-88.96465023,21994.29474
2946,42.84169416,-88.96483379,22016.68823
2949,42.84166452,-88.96501861,22039.08173
2952,42.84163482,-88.96520469,22061.47522
2955,42.84160507,-88.96539202,22083.86872
2958,42.84157526,-88.9655806,22106.26221
2961,42.84154539,-88.96577042,22128.6557
2964,42.84151548,-88.96596149,22151.0492
2967,42.84148551,-88.96615379,22173.44269
2970,42.8414555,-88.96634732,22195.83619
2973,42.84142544,-88.96654208,22218.22968
2976,42.84139533,-88.96673807,22240.62318
2979,42.84136519,-88.96693527,22263.01667
2982,42.841335,-88.96713368,22285.41017
2985,42.84130478,-88.96733331,22307.80366
2988,42.84127452,-88.96753414,22330.19716
2991,42.84124422,-88.96773618,22352.59065
2994,42.84121389,-88.96793941,22374.98415
2997,42.84118353,-88.96814384,22397.37764
3000,42.84115314,-88.96834945,22419.77114
3003,42.84112272,-88.96855625,22442.16463
3006,42.84109228,-88.96876424,22464.55813
3009,42.84106181,-88.9689734,22486.95162
3012,42.84103132,-88.96918373,22509.34511
3015,42.84100081,-88.96939523,22531.73861
3018,42.84097028,-88.96960789,22554.1321
3021,42.84093973,-88.96982172,22576.5256
3024,42.84090916,-88.97003671,22598.91909
3027,42.84087858,-88.97025284,22621.31259
3030,42.84084799,-88.97047013,22643.70608
3033,42.84081739,-88.97068856,22666.09958
3036,42.84078678,-88.97090813,22688.49307
3039,42.84075616,-88.97112884,22710.88657
3042,42.84072553,-88.97135069,22733.28006
3045,42.8406949,-88.97157366,22755.67356
3048,42.84066426,-88.97179776,22778.06705
3051,42.84063362,-88.97202298,22800.46055
3054,42.84060298,-88.97224931,22822.85404
3057,42.84057235,-88.97247676,22845.24754
3060,42.84054171,-88.97270533,22867.64103
3063,42.84051108,-88.972935,22890.03452
3066,42.84048045,-88.97316577,22912.42802
3069,42.84044983,-88.97339766,22935.35986
3072,42.84041922,-88.97363069,22958.43447
3075,42.84038862,-88.97386484,22981.50909
3078,42.84035803,-88.97410011,23004.5837
3081,42.84032745,-88.9743365,23027.65832
3084,42.84029689,-88.974574,23050.73293
3087,42.84026634,-88.97481261,23073.80755
3090,42.84023581,-88.97505232,23096.88216
3093,42.8402053,-88.97529314,23119.95678
3096,42.8401748,-88.97553505,23143.03139
3099,42.84014433,-88.97577806,23166.10601
3102,42.84011388,-88.97602215,23189.18062
3105,42.84008345,-88.97626734,23212.25524
3108,42.84005305,-88.9765136,23235.32985
3111,42.84002267,-88.97676095,23258.40447
3114,42.83999232,-88.97700937,23281.47908
3117,42.839962,-88.97725886,23304.5537
3120,42.83993171,-88.97750942,23327.62831
3123,42.83990145,-88.97776105,23350.70293
3126,42.83987123,-88.97801373,23373.77754
3129,42.83984103,-88.97826748,23396.85216
3132,42.83981088,-88.97852227,23419.92677
3135,42.83978075,-88.97877812,23443.00139
3138,42.83975067,-88.97903501,23466.076
3141,42.83972062,-88.97929295,23489.15062
3144,42.83969061,-88.97955193,23512.22523
3147,42.83966065,-88.97981194,23535.29985
3150,42.83963072,-88.98007299,23558.37446
3153,42.83960084,-88.98033506,23581.44908
3156,42.839571,-88.98059816,23604.52369
3159,42.83954121,-88.98086229,23627.59831
3162,42.83951147,-88.98112743,23650.67292
3165,42.83948177,-88.98139359,23673.74754
3168,42.83945212,-88.98166076,23696.82215
3171,42.83942252,-88.98192894,23719.89677
3174,42.83939297,-88.98219813,23742.97138
3177,42.83936347,-88.98246832,23766.046
3180,42.83933402,-88.98273951,23789.12061
3183,42.83930463,-88.9830117,23812.19523
3186,42.83927529,-88.98328487,23835.26984
3189,42.83924601,-88.98355904,23858.34446
3192,42.83921678,-88.9838342,23881.41907
3195,42.83918762,-88.98411034,23904.49369
3198,42.83915851,-88.98438746,23927.5683
3201,42.83912946,-88.98466555,23950.64292
3204,42.83910047,-88.98494462,23973.71754
3207,42.83907154,-88.98522467,23996.79215
3210,42.83904268,-88.98550568,24019.86677
3213,42.83901388,-88.98578765,24042.94138
3216,42.83898514,-88.98607061,24066.50753
3219,42.83895647,-88.98635454,24090.14864
3222,42.83892787,-88.98663946,24113.78974
3225,42.83889934,-88.98692536,24137.43085
3228,42.83887088,-88.98721222,24161.07196
3231,42.83884248,-88.98750006,24184.71307
3234,42.83881416,-88.98778886,24208.35417
3237,42.83878591,-88.98807862,24231.99528
3240,42.83875774,-88.98836935,24255.63639
3243,42.83872964,-88.98866103,24279.2775
3246,42.83870161,-88.98895367,24302.9186
3249,42.83867366,-88.98924726,24326.55971
3252,42.83864583,-88.98954169,24350.20082
3255,42.83861818,-88.98983675,24373.84193
3258,42.83859072,-88.99013243,24397.48303
3261,42.83856345,-88.99042873,24421.12414
3264,42.83853637,-88.99072564,24444.76525
3267,42.83850947,-88.99102317,24468.40635
3270,42.83848277,-88.99132131,24492.04746
3273,42.83845627,-88.99162006,24515.68857
3276,42.83842995,-88.99191941,24539.32968
3279,42.83840382,-88.99221937,24562.97078
3282,42.83837789,-88.99251992,24586.61189
3285,42.83835215,-88.99282108,24610.253
3288,42.83832661,-88.99312283,24633.89411
3291,42.83830125,-88.99342517,24657.53521
3294,42.83827609,-88.9937281,24681.17632
3297,42.83825113,-88.99403162,24704.81743
3300,42.83822636,-88.99433572,24728.45854
3303,42.83820178,-88.9946404,24752.09964
3306,42.8381774,-88.99494566,24775.74075
3309,42.83815322,-88.99525149,24799.38186
3312,42.83812923,-88.9955579,24823.02296
3315,42.83810543,-88.99586487,24846.66407
3318,42.83808184,-88.99617241,24870.30518
3321,42.83805843,-88.99648052,24893.94629
3324,42.83803523,-88.99678918,24917.58739
3327,42.83801231,-88.99709866,24952.184
3330,42.83798959,-88.9974087,24975.8408
3333,42.83796706,-88.99771928,24999.51329
3336,42.83794473,-88.99803042,25023.20147
3339,42.8379226,-88.9983421,25046.90533
3342,42.83790066,-88.99865432,25070.62489
3345,42.83787893,-88.99896709,25094.36013
3348,42.83785739,-88.99928039,25118.11107
3351,42.83783605,-88.99959423,25141.87769
3354,42.83781491,-88.9999086,25165.66
3357,42.83779397,-89.00022351,25189.458
3360,42.83777322,-89.00053894,25213.27169
3363,42.83775268,-89.0008549,25237.10107
3366,42.83773233,-89.00117138,25260.94613
3369,42.83771218,-89.00148838,25284.80689
3372,42.83769224,-89.0018059,25308.68334
3375,42.83767249,-89.00212393,25332.57547
3378,42.83765294,-89.00244248,25356.48329
3381,42.83763359,-89.00276153,25380.40681
3384,42.83761444,-89.0030811,25404.34601
3387,42.83759549,-89.00340117,25428.3009
3390,42.83757675,-89.00372174,25452.27148
3393,42.8375582,-89.00404281,25476.25774
3396,42.83753985,-89.00436437,25500.2597
3399,42.8375217,-89.00468644,25524.27735
3402,42.83750375,-89.00500899,25548.31068
3405,42.837486,-89.00533204,25572.35971
3408,42.83746845,-89.00565557,25596.42442
3411,42.8374511,-89.00597958,25620.50482
3414,42.83743395,-89.00630408,25644.60092
3417,42.837417,-89.00662906,25668.7127
3420,42.83740025,-89.00695451,25692.84017
3423,42.8373837,-89.00728044,25716.98332
3426,42.83736735,-89.00760684,25741.14217
3429,42.83735121,-89.00793371,25765.31671
3432,42.83733526,-89.00826105,25789.50694
3435,42.83731951,-89.00858885,25813.71285
3438,42.83730396,-89.00891711,25837.93534
3441,42.83728861,-89.00924584,25862.1794
3444,42.83727346,-89.00957502,25886.43934
3447,42.83725851,-89.00990465,25910.71514
3450,42.83724376,-89.01023474,25935.0068
3453,42.83722921,-89.01056528,25959.31434
3456,42.83721486,-89.01089627,25983.63774
3459,42.8372007,-89.0112277,26007.97701
3462,42.83718675,-89.01155958,26032.33215
3465,42.837173,-89.0118919,26056.70315
3468,42.83715944,-89.01222465,26081.09002
3471,42.83714609,-89.01255784,26105.49276
3474,42.83713293,-89.01289147,26129.91136
3477,42.83711998,-89.01322553,26154.34584
3480,42.83710722,-89.01356002,26178.79618
3483,42.83709466,-89.01389493,26203.26238
3486,42.8370823,-89.01423027,26227.74446
3489,42.83707014,-89.01456604,26252.2424
3492,42.83705817,-89.01490222,26276.75621
3495,42.83704641,-89.01523882,26301.28588
3498,42.83703484,-89.01557584,26325.83143
3501,42.83702347,-89.01591327,26350.39284
3504,42.8370123,-89.01625112,26374.97011
3507,42.83700133,-89.01658937,26399.56326
3510,42.83699055,-89.01692803,26424.17227
3513,42.83697997,-89.0172671,26448.79715
3516,42.83696959,-89.01760657,26473.4379
3519,42.83695941,-89.01794644,26498.09451
3522,42.83694942,-89.01828671,26522.76699
3525,42.83693963,-89.01862738,26547.45534
3528,42.83693003,-89.01896844,26572.15956
3531,42.83692064,-89.01930989,26596.87964
3534,42.83691144,-89.01965174,26621.61559
3537,42.83690243,-89.01999397,26646.36741
3540,42.83689363,-89.0203366,26671.13509
3543,42.83688501,-89.0206796,26695.91865
3546,42.8368766,-89.02102299,26720.71806
3549,42.83686838,-89.02136676,26745.53335
3552,42.83686036,-89.02171091,26770.3645
3555,42.83685253,-89.02205544,26795.21153
3558,42.83684489,-89.02240034,26820.07441
3561,42.83683745,-89.02274562,26844.95317
3564,42.83683021,-89.02309126,26869.84779
3567,42.83682316,-89.02343728,26894.75828
3570,42.83681631,-89.02378366,26919.68464
3573,42.83680965,-89.02413041,26944.62686
3576,42.83680318,-89.02447752,26969.58496
3579,42.83679691,-89.02482499,26994.55892
3582,42.83679075,-89.02517304,27019.54874
3585,42.8367846,-89.02552192,27044.55444
3588,42.83677846,-89.02587162,27069.576
3591,42.83677233,-89.02622215,27094.61342
3594,42.83676622,-89.0265735,27119.66672
3597,42.83676011,-89.02692566,27144.73588
3600,42.83675401,-89.02727864,27169.82091
3603,42.83674793,-89.02763244,27194.92181
3606,42.83674185,-89.02798704,27220.03857
3609,42.83673579,-89.02834245,27245.17121
3612,42.83672974,-89.02869867,27270.3197
3615,42.8367237,-89.02905568,27295.48407
3618,42.83671767,-89.0294135,27320.6643
3621,42.83671165,-89.02977211,27345.8604
3624,42.83670564,-89.03013151,27371.07237
3627,42.83669964,-89.03049171,27396.30021
3630,42.83669365,-89.0308527,27421.54391
3633,42.83668768,-89.03121447,27446.80348
3636,42.83668172,-89.03157702,27472.07892
3639,42.83667576,-89.03194036,27497.37022
3642,42.83666982,-89.03230448,27522.67739
3645,42.83666389,-89.03266937,27548.00043
3648,42.83665797,-89.03303503,27573.33934
3651,42.83665206,-89.03340147,27598.69411
3654,42.83664617,-89.03376867,27624.06475
3657,42.83664028,-89.03413664,27649.45126
3660,42.83663441,-89.03450538,27674.85363
3663,42.83662855,-89.03487488,27700.28373
3666,42.83662269,-89.03524513,27725.74823
3669,42.83661686,-89.03561615,27751.22938
3672,42.83661103,-89.03598792,27776.7272
3675,42.83660521,-89.03636045,27802.24167
3678,42.8365994,-89.03673372,27827.77281
3681,42.83659361,-89.03710775,27853.32061
3684,42.83658783,-89.03748252,27878.88507
3687,42.83658206,-89.03785803,27904.46619
3690,42.8365763,-89.03823429,27930.06397
3693,42.83657055,-89.03861129,27955.67842
3696,42.83656481,-89.03898902,27981.30952
3699,42.83655908,-89.03936749,28006.95729
3702,42.83655337,-89.0397467,28032.62171
3705,42.83654767,-89.04012663,28058.3028
3708,42.83654198,-89.0405073,28084.00055
3711,42.8365363,-89.04088869,28109.71496
3714,42.83653063,-89.04127081,28135.44604
3717,42.83652497,-89.04165365,28161.19377
3720,42.83651933,-89.04203721,28186.95817
3723,42.83651369,-89.04242149,28212.73922
3726,42.83650807,-89.04280648,28238.53694
3729,42.83650246,-89.04319219,28264.35132
3732,42.83649686,-89.04357862,28290.18236
3735,42.83649127,-89.04396575,28316.03006
3738,42.8364857,-89.0443536,28341.89442
3741,42.83648013,-89.04474215,28367.77545
3744,42.83647458,-89.04513141,28393.67313
3747,42.83646904,-89.04552136,28419.58748
3750,42.83646351,-89.04591203,28445.51849
3753,42.83645799,-89.04630338,28471.46616
3756,42.83645248,-89.04669544,28497.43049
3759,42.83644699,-89.04708819,28523.41148
3762,42.8364415,-89.04748164,28549.40913
3765,42.83643603,-89.04787578,28575.42344
3768,42.83643057,-89.04827061,28601.45442
3771,42.83642512,-89.04866612,28627.50206
3774,42.83641968,-89.04906233,28653.56635
3777,42.83641425,-89.04945921,28679.64731
3780,42.83640883,-89.04985678,28705.74493
3783,42.83640343,-89.05025503,28731.85922
3786,42.83639804,-89.05065396,28757.99016
3789,42.83639265,-89.05105357,28784.13776
3792,42.83638728,-89.05145386,28810.30203
3795,42.83638192,-89.05185481,28836.48296
3798,42.83637658,-89.05225644,28862.68054
3801,42.83637124,-89.05265874,28888.89479
3804,42.83636591,-89.05306171,28915.1257
3807,42.8363606,-89.05346535,28941.37327
3810,42.8363553,-89.05386965,28967.63751
3813,42.83635001,-89.05427462,28993.9184
3816,42.83634473,-89.05468025,29020.21596
3819,42.83633946,-89.05508654,29046.53017
3822,42.8363342,-89.05549349,29072.86105
3825,42.83632895,-89.05590109,29099.20859
3828,42.83632372,-89.05630935,29125.57279
3831,42.83631849,-89.05671827,29151.95366
3834,42.83631328,-89.05712784,29178.35118
3837,42.83630808,-89.05753806,29204.76536
3840,42.83630288,-89.05794893,29231.19621
3843,42.8362977,-89.05836045,29257.64372
3846,42.83629253,-89.05877261,29284.10788
3849,42.83628738,-89.05918542,29310.58871
3852,42.83628223,-89.05959887,29337.0862
3855,42.83627709,-89.06001297,29363.60036
3858,42.83627197,-89.0604277,29390.13117
3861,42.83626685,-89.06084308,29416.67864
3864,42.83626175,-89.06125909,29443.24278
3867,42.83625666,-89.06167574,29469.82358
3870,42.83625158,-89.06209302,29496.42104
3873,42.8362465,-89.06251093,29523.03515
3876,42.83624144,-89.06292948,29549.66594
3879,42.8362364,-89.06334866,29576.31338
3882,42.83623136,-89.06376847,29602.97748
3885,42.83622633,-89.0641889,29629.65825
3888,42.83622131,-89.06460996,29656.38733
3891,42.8362163,-89.06503165,29683.15051
3894,42.83621131,-89.06545396,29709.93191
3897,42.83620632,-89.06587689,29736.73155
3900,42.83620135,-89.06630045,29763.54942
3903,42.83619638,-89.06672463,29790.38552
3906,42.83619143,-89.06714942,29817.23986
3909,42.83618649,-89.06757484,29844.11242
3912,42.83618156,-89.06800087,29871.00322
3915,42.83617663,-89.06842752,29897.91225
3918,42.83617172,-89.06885478,29924.83951
3921,42.83616682,-89.06928265,29951.785
3924,42.83616193,-89.06971113,29978.74872
3927,42.83615705,-89.07014023,30005.73068
3930,42.83615218,-89.07056993,30032.73087
3933,42.83614732,-89.07100024,30059.74929
3936,42.83614247,-89.07143116,30086.78594
3939,42.83613763,-89.07186269,30113.84082
3942,42.8361328,-89.07229481,30140.91393
3945,42.83612798,-89.07272754,30168.00528
3948,42.83612317,-89.07316088,30195.11486
3951,42.83611837,-89.07359481,30222.24267
3954,42.83611358,-89.07402934,30249.38871
3957,42.8361088,-89.07446447,30276.55298
3960,42.83610403,-89.0749002,30303.73549
3963,42.83609927,-89.07533652,30330.93622
3966,42.83609452,-89.07577344,30358.15519
3969,42.83608978,-89.07621095,30385.39239
3972,42.83608505,-89.07664906,30412.64782
3975,42.83608033,-89.07708775,30439.92148
3978,42.83607562,-89.07752704,30467.21338
3981,42.83607092,-89.07796691,30494.5235
3984,42.83606623,-89.07840737,30521.85186
3987,42.83606155,-89.07884842,30549.19845
3990,42.83605688,-89.07929005,30576.56327
3993,42.83605222,-89.07973227,30603.94633
3996,42.83604757,-89.08017508,30631.34761
3999,42.83604292,-89.08061846,30658.76713
4002,42.83603829,-89.08106243,30686.20488
4005,42.83603367,-89.08150697,30713.66086
4008,42.83602905,-89.0819521,30741.13507
4011,42.83602445,-89.0823978,30768.62751
4014,42.83601985,-89.08284409,30796.13819
4017,42.83601526,-89.08329094,30823.6671
4020,42.83601069,-89.08373837,30851.21423
4023,42.83600612,-89.08418638,30878.77961
4026,42.83600156,-89.08463496,30906.36321
4029,42.83599701,-89.08508411,30933.96504
4032,42.83599247,-89.08553383,30961.58511
4035,42.83598793,-89.08598413,30989.2234
4038,42.83598341,-89.08643499,31016.87993
4041,42.8359789,-89.08688642,31044.55469
4044,42.83597439,-89.08733841,31072.24769
4047,42.83596989,-89.08779098,31099.95891
4050,42.83596541,-89.0882441,31127.68837
4053,42.83596093,-89.08869779,31155.43605
4056,42.83595646,-89.08915205,31183.20197
4059,42.835952,-89.08960687,31210.98612
4062,42.83594754,-89.09006224,31238.78851
4065,42.8359431,-89.09051818,31266.60912
4068,42.83593866,-89.09097468,31294.46749
4071,42.83593424,-89.09143174,31322.36681
4074,42.83592982,-89.09188935,31350.28573
4077,42.83592541,-89.09234753,31378.22424
4080,42.83592101,-89.09280626,31406.18234
4083,42.83591661,-89.09326554,31434.16003
4086,42.83591223,-89.09372538,31462.15731
4089,42.83590785,-89.09418578,31490.17419
4092,42.83590348,-89.09464672,31518.21065
4095,42.83589912,-89.09510822,31546.26671
4098,42.83589477,-89.09557027,31574.34236
4101,42.83589042,-89.09603287,31602.4376
4104,42.83588609,-89.09649602,31630.55243
4107,42.83588176,-89.09695972,31658.68686
4110,42.83587744,-89.09742397,31686.84087
4113,42.83587313,-89.09788849,31715.01448
4116,42.83586882,-89.09835302,31743.20768
4119,42.83586452,-89.09881754,31771.42047
4122,42.83586022,-89.09928207,31799.65285
4125,42.83585593,-89.0997466,31827.90483
4128,42.83585165,-89.10021114,31856.17639
4131,42.83584737,-89.10067567,31884.46755
4134,42.8358431,-89.10114021,31912.7783
4137,42.83583884,-89.10160475,31941.10863
4140,42.83583458,-89.10206929,31969.45857
4143,42.83583033,-89.10253384,31997.82809
4146,42.83582608,-89.10299838,32026.2172
4149,42.83582185,-89.10346293,32054.62591
4152,42.83581761,-89.10392748,32083.05421
4155,42.83581339,-89.10439203,32111.50209
4158,42.83580916,-89.10485659,32139.96958
4161,42.83580495,-89.10532115,32168.45665
4164,42.83580074,-89.10578571,32196.96331
4167,42.83579654,-89.10625027,32225.48957
4170,42.83579234,-89.10671483,32254.03541
4173,42.83578815,-89.1071794,32282.60085
4176,42.83578397,-89.10764397,32311.18588
4179,42.83577979,-89.10810854,32339.7905
4182,42.83577562,-89.10857311,32368.41472
4185,42.83577145,-89.10903769,32397.05852
4188,42.8357673,-89.10950226,32425.72192
4191,42.83576314,-89.10996684,32454.4049
4194,42.835759,-89.11043142,32483.10748
4197,42.83575486,-89.11089601,32511.82965
4200,42.83575072,-89.1113606,32540.57142
4203,42.83574659,-89.11182518,32569.33277
4206,42.83574247,-89.11228978,32598.11371
4209,42.83573836,-89.11275437,32626.91425
4212,42.83573425,-89.11321896,32655.73438
4215,42.83573014,-89.11368356,32684.5741
4218,42.83572604,-89.11414816,32713.43341
4221,42.83572195,-89.11461276,32742.31232
4224,42.83571787,-89.11507737,32771.21081
4227,42.83571379,-89.11554198,32800.1289
4230,42.83570972,-89.11600659,32829.06657
4233,42.83570565,-89.1164712,32858.02384
4236,42.83570159,-89.11693581,32887.0007
4239,42.83569754,-89.11740043,32915.99716
4242,42.83569349,-89.11786505,32945.0132
4245,42.83568945,-89.11832967,32974.04884
4248,42.83568541,-89.11879429,32999.56372
4251,42.83568138,-89.11925892,32960.59271
4254,42.83567736,-89.11972355,32853.5299
4257,42.83567334,-89.12018818,32711.57719
4260,42.83566933,-89.12065281,32556.47919
4263,42.83566533,-89.12111744,32397.87426
4266,42.83566133,-89.12158208,32239.33871
4269,42.83565733,-89.12204672,32082.02811
4272,42.83565335,-89.12251136,31926.28695
4275,42.83564937,-89.12297601,31772.19418
4278,42.83564539,-89.12343906,31619.73777
4281,42.83564143,-89.12389914,31469.00285
4284,42.83563746,-89.12435623,31320.09193
4287,42.83563351,-89.12481032,31172.96108
4290,42.83562956,-89.12526141,31027.56351
4293,42.83562563,-89.12570949,30883.90948
4296,42.8356217,-89.12615456,30741.84788
4299,42.83561778,-89.1265966,30601.44533
4302,42.83561387,-89.12703559,30462.59109
4305,42.83560997,-89.12747154,30325.25445
4308,42.83560609,-89.12790443,30189.38554
4311,42.83560221,-89.12833423,30054.73286
4314,42.83559835,-89.12876094,29921.50557
4317,42.83559451,-89.12918454,29789.70366
4320,42.83559067,-89.12960501,29659.32714
4323,42.83558685,-89.13002235,29530.32005
4326,42.83558305,-89.13043653,29402.32945
4329,42.83557926,-89.13084753,29275.61889
4332,42.83557549,-89.13125532,29150.18837
4335,42.83557174,-89.13165991,29026.0379
4338,42.83556801,-89.13206127,28903.68412
4341,42.83556429,-89.13245936,28781.44924
4344,42.83556059,-89.13285416,28660.46878
4347,42.83555691,-89.13324565,28540.71817
4350,42.83555325,-89.13363381,28422.17285
4353,42.83554962,-89.13401862,28304.80824
4356,42.835546,-89.13440005,28188.4689
4359,42.83554241,-89.13477807,28073.19789
4362,42.83553884,-89.13515265,27958.97034
4365,42.83553529,-89.13552377,27845.75451
4368,42.83553176,-89.1358914,27733.51868
4371,42.83552827,-89.1362555,27622.23112
4374,42.83552479,-89.13661605,27511.86024
4377,42.83552134,-89.136973,27402.52511
4380,42.83551792,-89.13732634,27294.10398
4383,42.83551453,-89.13767602,27186.57279
4386,42.83551116,-89.138022,27079.90748
4389,42.83550755,-89.138365,26974.08402
4392,42.83550312,-89.13870655,26869.07833
4395,42.83549787,-89.13904663,26764.87571
4398,42.83549179,-89.13938522,26661.61892
4401,42.8354849,-89.13972231,26559.1814
4404,42.83547718,-89.14005788,26457.54829
4407,42.83546863,-89.1403919,26356.70476
4410,42.83545926,-89.14072436,26256.63596
4413,42.83544905,-89.14105525,26157.32702
4416,42.83543802,-89.14138453,26058.76888
4419,42.83542615,-89.14171218,25960.99749
4422,42.83541345,-89.1420382,25863.97299
4425,42.83539992,-89.14236256,25767.68553
4428,42.83538556,-89.14268523,25672.12525
4431,42.83537036,-89.1430062,25577.2823
4434,42.83535432,-89.14332544,25483.16813
4437,42.83533746,-89.14364294,25389.76506
4440,42.83531976,-89.14395866,25297.06394
4443,42.83530123,-89.14427261,25205.05691
4446,42.83528187,-89.14458474,25113.73609
4449,42.83526168,-89.14489505,25023.09593
4452,42.83524067,-89.14520351,24933.12862
4455,42.83521884,-89.1455101,24843.82593
4458,42.83519618,-89.14581481,24755.18029
4461,42.83517272,-89.14611763,24667.18412
4464,42.83514845,-89.14641852,24579.82526
4467,42.83512338,-89.14671749,24493.09291
4470,42.83509751,-89.14701451,24406.98172
4473,42.83507097,-89.14730923,24321.48328
4476,42.83504411,-89.14760058,24236.58919
4479,42.83501694,-89.14788854,24152.28659
4482,42.83498947,-89.14817311,24068.55738
4485,42.83496173,-89.14845425,23985.39844
4488,42.83493371,-89.14873197,23902.80003
4491,42.83490543,-89.14900623,23820.75236
4494,42.83487691,-89.14927703,23739.24618
4497,42.83484817,-89.14954435,23658.27556
4500,42.8348192,-89.14980816,23577.82884
4503,42.83479004,-89.15006847,23497.89664
4506,42.83476068,-89.15032523,23418.46959
4509,42.83473116,-89.15057845,23339.5383
4512,42.83470147,-89.15082808,23261.0097
4515,42.83467164,-89.15107414,23183.12489
4518,42.83464168,-89.15131658,23105.69343
4521,42.83461161,-89.1515554,23028.71531
4524,42.83458144,-89.15179057,22952.19054
4527,42.83455119,-89.15202207,22876.1102
4530,42.83452087,-89.15224988,22800.47735
4533,42.8344905,-89.15247398,22725.29474
4536,42.8344601,-89.15269436,22650.56236
4539,42.83442969,-89.15291098,22576.28022
4542,42.83439928,-89.15312384,22502.44832
4545,42.83436888,-89.15333291,22429.06666
4548,42.83433853,-89.15353817,22356.08029
4551,42.83430823,-89.1537396,22283.50482
4554,42.834278,-89.15393717,22211.35964
4557,42.83424787,-89.15413088,22139.64475
4560,42.83421785,-89.15432069,22068.36014
4563,42.83418797,-89.15450659,21997.50581
4566,42.83415824,-89.15468857,21927.08177
4569,42.83412868,-89.15486661,21857.31232
4572,42.83409931,-89.15504069,21787.92733
4575,42.83407016,-89.15521081,21718.99317
4578,42.83404124,-89.15537695,21650.7379
4581,42.83401258,-89.15553908,21582.48263
4584,42.8339842,-89.1556972,21515.02774
4587,42.83395611,-89.15585128,21447.62797
4590,42.83392835,-89.15600136,21381.50982
4593,42.83390092,-89.15614743,21316.08381
4596,42.83387386,-89.15628947,21250.65781
4599,42.83384718,-89.15642743,21185.2318
4602,42.83382091,-89.15656128,21119.8058
4605,42.83379509,-89.15669099,21054.5509
4608,42.83377298,-89.15681911,20990.55021
4611,42.83375468,-89.15694553,20926.54951
4614,42.83374011,-89.15707004,20862.54882
4617,42.83372917,-89.1571924,20798.54812
4620,42.83372158,-89.15731253,20737.61899
4623,42.8337174,-89.15743012,20674.02827
4626,42.83371648,-89.15754499,20610.75488
4629,42.83371868,-89.15765694,20547.7988
4632,42.83372386,-89.15776583,20485.14444
4635,42.83373186,-89.15787147,20422.78344
4638,42.83374252,-89.15797373,20360.73166
4641,42.83375568,-89.15807247,20298.9891
4644,42.83377118,-89.15816757,20237.55576
4647,42.83378882,-89.1582589,20176.43164
4650,42.83380844,-89.15834637,20115.61674
4653,42.83382986,-89.1584299,20055.11106
4656,42.83385287,-89.1585094,19994.86907
4659,42.8338773,-89.15858481,19934.89503
4662,42.83390295,-89.1586561,19875.21301
4665,42.83392963,-89.15872322,19815.823
4668,42.83395713,-89.15878617,19756.725
4671,42.83398526,-89.15884494,19697.91902
4674,42.83401381,-89.15889956,19639.40506
4677,42.8340426,-89.15895005,19581.18311
4680,42.83407141,-89.15899647,19523.186
4683,42.83410006,-89.15903887,19465.445
4686,42.83412834,-89.15907735,19407.97623
4689,42.83415607,-89.159112,19350.77966
4692,42.83418306,-89.15914294,19293.85532
4695,42.83420913,-89.15917032,19237.20319
4698,42.83423409,-89.15919427,19180.82328
4701,42.83425778,-89.15921496,19124.71558
4704,42.83428003,-89.15923258,19068.54989
4707,42.83430067,-89.15924731,19012.61013
4710,42.83431957,-89.15925938,18956.91359
4713,42.83433781,-89.15926972,18901.46028
4716,42.83435897,-89.15928029,18846.25021
4719,42.83438308,-89.15929075,18791.28337
4722,42.83441019,-89.15930078,18736.55975
4725,42.83444033,-89.15931002,18682.07937
4728,42.8344735,-89.15931814,18627.84222
4731,42.8345097,-89.15932479,18573.8483
4734,42.8345489,-89.1593296,18520.09761
4737,42.83459106,-89.15933222,18466.59015
4740,42.83463613,-89.15933229,18413.32592
4743,42.83468401,-89.15932945,18360.30492
4746,42.83473462,-89.15932335,18307.52715
4749,42.83478785,-89.15931364,18254.99262
4752,42.83484355,-89.15929997,18202.70131
4755,42.83490158,-89.159282,18150.65324
4758,42.83496177,-89.1592594,18098.84839
4761,42.83502392,-89.15923186,18047.28678
4764,42.83508784,-89.15919906,17995.9684
4767,42.83515331,-89.15916073,17944.89325
4770,42.83522007,-89.15911658,17894.06133
4773,42.83528789,-89.15906633,17843.24778
4776,42.83535648,-89.15900973,17792.61233
4779,42.83542557,-89.15894656,17742.18773
4782,42.83549484,-89.15887662,17691.97399
4785,42.83556399,-89.15879973,17641.97111
4788,42.83563268,-89.15871573,17592.17909
4791,42.83570057,-89.15862452,17542.59792
4794,42.83576731,-89.15852598,17493.22762
4797,42.83583254,-89.15842005,17444.06818
4800,42.8358959,-89.1583067,17395.11959
4803,42.83595701,-89.15818592,17346.38187
4806,42.83601549,-89.15805773,17297.855
4809,42.83607096,-89.15792219,17249.539
4812,42.83612304,-89.15777941,17201.43385
4815,42.83617135,-89.15762949,17153.53956
4818,42.83621548,-89.15747259,17105.70704
4821,42.83625505,-89.15730888,17057.99182
4824,42.83628967,-89.15713859,17010.4598
4827,42.83631896,-89.15696197,16963.11097
4830,42.83634256,-89.15677934,16915.94535
4833,42.8363601,-89.15659102,16868.96292
4836,42.83637123,-89.15639736,16822.16369
4839,42.83637561,-89.15619878,16775.54766
4842,42.8363729,-89.1559957,16729.11482
4845,42.83636279,-89.15578859,16682.86519
4848,42.83634958,-89.15557771,16636.79875
4851,42.83633649,-89.15536298,16590.91552
4854,42.83632354,-89.1551444,16545.21548
4857,42.83631076,-89.15492195,16499.69864
4860,42.83629814,-89.15469563,16454.365
4863,42.83628572,-89.15446541,16409.11132
4866,42.83627349,-89.15423127,16363.91495
4869,42.83626147,-89.15399321,16318.87508
4872,42.83624969,-89.15375121,16273.99174
4875,42.83623815,-89.15350527,16229.2649
4878,42.83622686,-89.15325536,16184.69458
4881,42.83621585,-89.15300147,16140.28077
4884,42.83620513,-89.1527436,16096.02348
4887,42.8361947,-89.15248174,16051.92269
4890,42.8361846,-89.15221587,16007.97842
4893,42.83617483,-89.15194598,15964.19067
4896,42.8361654,-89.15167206,15920.55943
4899,42.83615634,-89.15139409,15877.0847
4902,42.83614766,-89.15111208,15833.76648
4905,42.83613937,-89.150826,15790.60478
4908,42.8361315,-89.15053584,15747.59179
4911,42.83612405,-89.1502416,15704.70745
4914,42.83611704,-89.14994325,15661.9639
4917,42.83611049,-89.1496408,15619.35699
4920,42.83610442,-89.14933421,15576.87975
4923,42.83609884,-89.14902349,15534.53679
4926,42.83609377,-89.14870862,15492.32508
4929,42.83608923,-89.14838958,15450.24133
4932,42.83608524,-89.14806636,15408.288
4935,42.8360818,-89.14773895,15366.45863
4938,42.83607895,-89.14740734,15324.75134
4941,42.83607669,-89.14707152,15283.17074
4944,42.83607505,-89.14673147,15241.71682
4947,42.83607404,-89.14638717,15200.3896
4950,42.83607368,-89.14603862,15159.18906
4953,42.836074,-89.14568581,15118.10529
4956,42.836075,-89.14532872,15077.14024
4959,42.83607671,-89.14496734,15036.29754
4962,42.83607915,-89.14460166,14995.57718
4965,42.83608233,-89.14423166,14954.97918
4968,42.83608628,-89.14385734,14914.50352
4971,42.83609101,-89.14347868,14874.13763
4974,42.83609655,-89.14309567,14833.8879
4977,42.83610291,-89.14270829,14793.75613
4980,42.83611012,-89.14231655,14753.74231
4983,42.83611819,-89.14192043,14713.84646
4986,42.83612715,-89.14151991,14674.06781
4989,42.83613701,-89.14111498,14634.34136
4992,42.8361478,-89.14070563,14594.72716
4995,42.83615953,-89.14029185,14555.22521
4998,42.83617224,-89.13987363,14515.83553
5001,42.83618593,-89.13945095,14476.55809
5004,42.83620064,-89.13902382,14437.39292
5007,42.83621637,-89.13859222,14398.34
5010,42.83623316,-89.13815614,14359.39934
5013,42.83625103,-89.13771557,14320.57094
5016,42.83626999,-89.13727051,14281.85479
5019,42.83629007,-89.13682094,14243.2509
5022,42.83631129,-89.13636687,14204.75927
5025,42.83633367,-89.13590829,14166.37989
5028,42.83635723,-89.13544518,14128.11277
5031,42.836382,-89.13497754,14089.95791
5034,42.83640648,-89.13450738,14051.91531
5037,42.8364292,-89.13403664,14013.98496
5040,42.83645014,-89.13356534,13976.16686
5043,42.83646929,-89.1330935,13938.46103
5046,42.83648666,-89.13262112,13900.86745
5049,42.83650223,-89.13214822,13863.38612
5052,42.836516,-89.13167481,13826.01706
5055,42.83652795,-89.1312009,13788.72589
5058,42.83653809,-89.1307265,13751.52811
5061,42.83654639,-89.13025163,13714.43737
5064,42.83655285,-89.12977631,13677.45365
5067,42.83655747,-89.12930053,13640.57697
5070,42.83656024,-89.12882432,13603.80732
5073,42.83656115,-89.12834769,13567.1447
5076,42.83656019,-89.12787065,13530.58912
5079,42.83655736,-89.12739322,13494.14056
5082,42.83655264,-89.1269154,13457.79904
5085,42.83654604,-89.12643722,13421.56455
5088,42.83653754,-89.12595868,13385.43709
5091,42.83652713,-89.1254798,13349.41667
5094,42.83651482,-89.1250006,13313.50327
5097,42.83650058,-89.12452108,13277.69691
5100,42.83648442,-89.12404126,13241.99758
5103,42.83646633,-89.12356116,13206.40528
5106,42.8364463,-89.12308079,13170.92002
5109,42.83642432,-89.12260017,13135.48059
5112,42.83640038,-89.1221193,13100.11882
5115,42.83637447,-89.12163821,13064.85522
5118,42.83634659,-89.12115691,13029.68978
5121,42.83631673,-89.12067541,12994.62252
5124,42.83628489,-89.12019372,12959.65343
5127,42.83625104,-89.11971188,12924.78251
5130,42.8362152,-89.11922988,12890.00977
5133,42.83617735,-89.11874774,12855.33519
5136,42.83613748,-89.11826549,12820.75878
5139,42.83609558,-89.11778313,12786.28055
5142,42.83605166,-89.11730069,12751.90048
5145,42.8360057,-89.11681817,12717.61859
5148,42.83595769,-89.1163356,12683.43487
5151,42.83590764,-89.11585299,12649.34932
5154,42.83585553,-89.11537036,12615.36194
5157,42.83580135,-89.11488772,12581.47273
5160,42.83574511,-89.11440509,12547.68169
5163,42.83568678,-89.11392249,12513.91144
5166,42.83562636,-89.11343993,12480.20707
5169,42.83556385,-89.11295743,12446.59019
5172,42.83549923,-89.11247502,12413.06078
5175,42.8354325,-89.1119927,12379.61885
5178,42.83536366,-89.11151049,12346.2644
5181,42.83529269,-89.11102842,12312.99742
5184,42.83521959,-89.1105465,12279.81793
5187,42.83514435,-89.11006474,12246.72591
5190,42.83506697,-89.10958317,12213.72136
5193,42.8349877,-89.10910326,12180.8043
5196,42.83490664,-89.10862551,12147.97471
5199,42.83482379,-89.10814995,12115.2326
5202,42.83473918,-89.10767658,12082.57797
5205,42.8346528,-89.10720542,12050.01081
5208,42.83456468,-89.1067365,12017.53114
5211,42.83447482,-89.10626984,11985.13894
5214,42.83438324,-89.10580544,11952.83421
5217,42.83428994,-89.10534334,11920.53977
5220,42.83419494,-89.10488355,11888.30504
5223,42.83409825,-89.10442609,11856.14759
5226,42.83399988,-89.10397098,11824.06742
5229,42.83389984,-89.10351824,11792.06453
5232,42.83379815,-89.10306788,11760.13891
5235,42.83369482,-89.10261993,11728.29057
5238,42.83358987,-89.10217439,11696.51951
5241,42.8334833,-89.1017313,11664.82572
5244,42.83337514,-89.10129066,11633.20921
5247,42.83326539,-89.10085249,11601.66998
5250,42.83315407,-89.10041681,11570.20803
5253,42.8330412,-89.09998363,11538.82335
5256,42.83292678,-89.09955298,11507.51595
5259,42.83281085,-89.09912486,11476.28582
5262,42.8326934,-89.09869929,11445.13297
5265,42.83257446,-89.09827629,11414.0574
5268,42.83245405,-89.09785588,11383.05911
5271,42.83233217,-89.09743807,11352.08533
5274,42.83220884,-89.09702288,11321.17129
5277,42.83208408,-89.09661032,11290.32637
5280,42.8319579,-89.09620041,11259.55056
5283,42.83183033,-89.09579316,11228.84387
5286,42.83170138,-89.09538859,11198.20629
5289,42.83157106,-89.09498672,11167.63783
5292,42.8314394,-89.09458754,11137.13849
5295,42.83130641,-89.09419109,11106.70826
5298,42.83117211,-89.09379737,11076.34715
5301,42.83103651,-89.09340639,11046.05515
5304,42.83089964,-89.09301816,11015.83227
5307,42.83076152,-89.0926327,10985.67851
5310,42.83062216,-89.09225002,10955.59386
5313,42.83048159,-89.09187013,10925.55741
5316,42.83033981,-89.09149305,10895.53339
5319,42.83019685,-89.09111878,10865.56886
5322,42.83005273,-89.09074734,10835.66382
5325,42.82990746,-89.09037874,10805.81828
5328,42.82976108,-89.09001299,10776.03224
5331,42.82961446,-89.08964774,10746.30569
5334,42.82946825,-89.08928135,10716.63863
5337,42.82932243,-89.08891381,10687.03107
5340,42.82917701,-89.08854513,10657.48301
5343,42.829032,-89.08817531,10627.99444
5346,42.8288874,-89.08780433,10598.56536
5349,42.82874321,-89.08743221,10569.19578
5352,42.82859943,-89.08705894,10539.8857
5355,42.82845608,-89.08668452,10510.63511
5358,42.82831314,-89.08630895,10481.39573
5361,42.82817063,-89.08593222,10452.19199
5364,42.82802856,-89.08555434,10423.03927
5367,42.82788691,-89.0851753,10393.93759
5370,42.8277457,-89.0847951,10364.88692
5373,42.82760494,-89.08441374,10335.88729
5376,42.82746461,-89.08403123,10306.93868
5379,42.82732474,-89.08364755,10278.0411
5382,42.82718531,-89.08326271,10249.19455
5385,42.82704634,-89.08287671,10220.39902
5388,42.82690783,-89.08248955,10191.65452
5391,42.82676978,-89.08210122,10162.96105
5394,42.8266322,-89.08171172,10134.3186
5397,42.82649508,-89.08132106,10105.72718
5400,42.82635844,-89.08092923,10077.17801
5403,42.82622227,-89.08053623,10048.64119
5406,42.82608658,-89.08014206,10020.15005
5409,42.82595138,-89.07974671,9991.704602
5412,42.82581667,-89.07935019,9963.304844
5415,42.82568245,-89.0789525,9934.950775
5418,42.82554872,-89.07855364,9906.642395
5421,42.82541549,-89.07815359,9878.379705
5424,42.82528276,-89.07775237,9850.162703
5427,42.82515054,-89.07734997,9821.991391
5430,42.82501884,-89.0769464,9793.865767
5433,42.82488764,-89.07654164,9765.785833
5436,42.82475696,-89.0761357,9737.751588
5439,42.82462681,-89.07572859,9709.763031
5442,42.82449718,-89.07532029,9681.820164
5445,42.82436807,-89.0749108,9653.922986
5448,42.8242395,-89.07450014,9626.071497
5451,42.82411147,-89.07408829,9598.242363
5454,42.82398398,-89.07367525,9570.450513
5457,42.82385703,-89.07326103,9542.701014
5460,42.8237301,-89.07284708,9514.993865
5463,42.82360313,-89.07243358,9487.329067
5466,42.82347611,-89.07202054,9459.706618
5469,42.82334905,-89.07160794,9432.126519
5472,42.82322195,-89.0711958,9404.588771
5475,42.8230948,-89.07078411,9377.093373
5478,42.82296761,-89.07037288,9349.640325
5481,42.82284037,-89.0699621,9322.229627
5484,42.82271309,-89.06955177,9294.861279
5487,42.82258577,-89.0691419,9267.535282
5490,42.82245841,-89.06873249,9240.251634
5493,42.822331,-89.06832353,9213.010337
5496,42.82220355,-89.06791503,9185.811389
5499,42.82207605,-89.06750698,9158.645198
5502,42.82194851,-89.0670994,9131.506577
5505,42.82182093,-89.06669227,9104.407634
5508,42.82169331,-89.0662856,9077.348369
5511,42.82156564,-89.06587939,9050.328781
5514,42.82143793,-89.06547365,9023.348871
5517,42.82131018,-89.06506836,8996.408638
5520,42.82118238,-89.06466354,8969.508083
5523,42.82105454,-89.06425918,8942.647205
5526,42.82092666,-89.06385528,8915.826005
5529,42.82079873,-89.06345185,8889.044482
5532,42.82067076,-89.06304888,8862.302637
5535,42.82054275,-89.06264637,8835.60047
5538,42.8204147,-89.06224433,8808.93798
5541,42.82028661,-89.06184276,8782.315168
5544,42.82015847,-89.06144165,8755.732033
5547,42.82003029,-89.06104101,8729.187577
5550,42.81990207,-89.06064084,8702.658361
5553,42.8197738,-89.06024113,8676.166352
5556,42.81964549,-89.0598419,8649.711549
5559,42.81951715,-89.05944313,8623.293953
5562,42.81938876,-89.05904483,8596.913563
5565,42.81926032,-89.05864701,8570.57038
5568,42.81913185,-89.05824966,8544.264403
5571,42.81900333,-89.05785277,8517.995632
5574,42.81887477,-89.05745636,8491.764068
5577,42.81874617,-89.05706043,8465.56971
5580,42.81861722,-89.05666534,8439.412558
5583,42.81848779,-89.05627125,8413.292613
5586,42.81835791,-89.05587815,8387.209874
5589,42.81822756,-89.05548603,8361.164342
5592,42.81809675,-89.05509492,8335.156016
5595,42.81796549,-89.0547048,8309.184897
5598,42.81783377,-89.05431568,8283.250984
5601,42.8177016,-89.05392756,8257.354277
5604,42.81756897,-89.05354045,8231.494777
5607,42.8174359,-89.05315434,8205.661876
5610,42.81730238,-89.05276924,8179.855559
5613,42.81716841,-89.05238515,8154.084481
5616,42.817034,-89.05200207,8128.348642
5619,42.81689915,-89.05162001,8102.648042
5622,42.81676386,-89.05123896,8076.98268
5625,42.81662813,-89.05085894,8051.352558
5628,42.81649197,-89.05047993,8025.757674
5631,42.81635538,-89.05010195,8000.198029
5634,42.81621835,-89.049725,7974.673623
5637,42.8160809,-89.04934907,7949.184455
5640,42.81594302,-89.04897417,7923.730527
5643,42.81580471,-89.0486003,7898.311837
5646,42.81566598,-89.04822746,7872.928387
5649,42.81552684,-89.04785566,7847.580175
5652,42.81538727,-89.0474849,7822.267202
5655,42.81524729,-89.04711518,7796.989467
5658,42.8151069,-89.0467465,7771.746972
5661,42.81496609,-89.04637886,7746.539715
5664,42.81482488,-89.04601226,7721.367012
5667,42.81468326,-89.04564671,7696.209334
5670,42.81454123,-89.04528222,7671.084864
5673,42.8143988,-89.04491877,7645.993601
5676,42.81425597,-89.04455637,7620.935545
5679,42.81411275,-89.04419504,7595.910696
5682,42.81396912,-89.04383475,7570.919054
5685,42.81382511,-89.04347553,7545.96062
5688,42.8136807,-89.04311737,7521.035393
5691,42.8135359,-89.04276027,7496.143372
5694,42.81339074,-89.0424038,7471.284559
5697,42.81324523,-89.04204778,7446.458953
5700,42.81309936,-89.04169222,7421.666554
5703,42.81295314,-89.04133712,7396.907363
5706,42.81280656,-89.04098248,7372.181378
5709,42.81265964,-89.0406283,7347.488601
5712,42.81251236,-89.04027459,7322.829031
5715,42.81236473,-89.03992133,7298.202668
5718,42.81221674,-89.03956854,7273.609512
5721,42.81206841,-89.03921621,7249.049563
5724,42.81191973,-89.03886434,7224.503967
5727,42.8117707,-89.03851294,7199.973304
5730,42.81162131,-89.03816201,7175.473719
5733,42.81147158,-89.03781154,7151.005211
5736,42.8113215,-89.03746154,7126.56778
5739,42.81117107,-89.03711201,7102.161428
5742,42.81102029,-89.03676295,7077.786153
5745,42.81086917,-89.03641436,7053.441955
5748,42.81071769,-89.03606625,7029.128835
5751,42.81056588,-89.0357186,7004.846793
5754,42.81041371,-89.03537143,6980.595828
5757,42.8102612,-89.03502473,6956.375941
5760,42.81010834,-89.03467851,6932.187131
5763,42.80995514,-89.03433276,6908.029399
5766,42.80980159,-89.03398748,6883.902744
5769,42.8096477,-89.03364269,6859.807167
5772,42.80949347,-89.03329837,6835.742668
5775,42.80933889,-89.03295453,6811.709246
5778,42.80918397,-89.03261117,6787.706902
5781,42.80902871,-89.03226829,6763.735635
5784,42.80887311,-89.03192589,6739.795446
5787,42.80871716,-89.03158397,6715.886335
5790,42.80856088,-89.03124253,6692.008301
5793,42.80840426,-89.03090157,6668.161344
5796,42.80824729,-89.0305611,6644.345466
5799,42.80808999,-89.03022111,6620.560664
5802,42.80793222,-89.02988154,6596.806941
5805,42.80777388,-89.02954233,6573.084295
5808,42.80761496,-89.02920348,6549.392726
5811,42.80745546,-89.02886498,6525.732235
5814,42.80729538,-89.02852685,6502.102822
5817,42.80713472,-89.02818909,6478.504486
5820,42.80697349,-89.02785169,6454.937228
5823,42.80681167,-89.02751466,6431.374176
5826,42.80664927,-89.02717801,6407.830043
5829,42.80648628,-89.02684173,6384.314773
5832,42.80632272,-89.02650582,6360.828367
5835,42.80615857,-89.0261703,6337.370825
5838,42.80599383,-89.02583516,6313.942146
5841,42.80582852,-89.0255004,6290.54233
5844,42.80566261,-89.02516602,6267.171378
5847,42.80549612,-89.02483203,6243.829289
5850,42.80532905,-89.02449844,6220.516063
5853,42.80516138,-89.02416523,6197.231701
5856,42.80499313,-89.02383242,6173.976203
5859,42.8048243,-89.02350001,6150.749568
5862,42.80465487,-89.02316799,6127.551796
5865,42.80448486,-89.02283638,6104.382888
5868,42.80431425,-89.02250517,6081.242843
5871,42.80414306,-89.02217437,6058.131661
5874,42.80397128,-89.02184397,6035.049343
5877,42.8037989,-89.02151399,6011.995889
5880,42.80362594,-89.02118441,5988.971298
5883,42.80345238,-89.02085525,5965.97557
5886,42.80327823,-89.02052651,5943.008706
5889,42.80310349,-89.02019819,5920.070705
5892,42.80292815,-89.01987029,5897.161568
5895,42.80275222,-89.01954282,5874.281294
5898,42.8025757,-89.01921577,5851.429883
5901,42.80239858,-89.01888915,5828.607336
5904,42.80222087,-89.01856296,5805.813653
5907,42.80204284,-89.01823789,5783.048832
5910,42.80186452,-89.01791406,5760.312876
5913,42.80168593,-89.01759144,5737.605782
5916,42.80150706,-89.01727006,5714.927552
5919,42.80132792,-89.01694991,5692.278186
5922,42.80114852,-89.01663098,5669.625787
5925,42.80096884,-89.01631329,5646.997375
5928,42.80078891,-89.01599684,5624.395762
5931,42.80060871,-89.01568162,5601.820949
5934,42.80042826,-89.01536764,5579.272936
5937,42.80024755,-89.0150549,5556.751723
5940,42.80006659,-89.0147434,5534.257309
5943,42.79988539,-89.01443314,5511.789696
5946,42.79970394,-89.01412412,5489.348882
5949,42.79952225,-89.01381635,5466.934869
5952,42.79934032,-89.01350982,5444.547655
5955,42.79915816,-89.01320453,5422.187241
5958,42.79897576,-89.01290049,5399.853627
5961,42.79879314,-89.0125977,5377.546812
5964,42.79861029,-89.01229615,5355.266798
5967,42.79842722,-89.01199586,5333.013584
5970,42.79824393,-89.01169681,5310.787169
5973,42.79806042,-89.01139902,5288.587554
5976,42.79787671,-89.01110248,5266.41474
5979,42.79769278,-89.01080719,5244.268725
5982,42.79750864,-89.01051316,5222.14951
5985,42.79732431,-89.01022038,5200.057095
5988,42.79713977,-89.00992885,5177.991479
5991,42.79695504,-89.00963858,5155.952664
5994,42.79677011,-89.00934957,5133.940648
5997,42.79658499,-89.00906182,5111.955433
6000,42.79639969,-89.00877532,5089.997017
6003,42.7962142,-89.00849009,5068.065401
6006,42.79602902,-89.00820621,5046.160585
6009,42.79584446,-89.00792375,5024.282569
6012,42.79566052,-89.0076427,5002.431352
6015,42.79547722,-89.00736307,4980.606936
6018,42.79529454,-89.00708486,4958.803165
6021,42.79511249,-89.00680806,4936.974945
6024,42.79493108,-89.00653269,4915.171443
6027,42.79475031,-89.00625874,4893.392661
6030,42.79457017,-89.00598622,4871.638598
6033,42.79439068,-89.00571511,4849.909254
6036,42.79421183,-89.00544543,4828.204629
6039,42.79403362,-89.00517717,4806.524723
6042,42.79385606,-89.00491033,4784.869536
6045,42.79367914,-89.00464491,4763.239068
6048,42.79350288,-89.00438092,4741.63332
6051,42.79332727,-89.00411835,4720.05229
6054,42.79315231,-89.00385721,4698.49598
6057,42.79297801,-89.00359749,4676.964389
6060,42.79280437,-89.00333919,4655.457516
6063,42.79263139,-89.00308232,4633.975364
6066,42.79245907,-89.00282687,4612.51793
6069,42.79228741,-89.00257284,4591.085215
6072,42.79211642,-89.00232024,4569.677219
6075,42.7919461,-89.00206906,4548.293943
6078,42.79177645,-89.00181931,4526.935385
6081,42.79160747,-89.00157098,4505.601547
6084,42.79143917,-89.00132407,4484.292428
6087,42.79127154,-89.00107859,4463.008028
6090,42.79110459,-89.00083453,4441.748347
6093,42.79093832,-89.0005919,4420.513385
6096,42.79077273,-89.00035069,4399.303143
6099,42.79060783,-89.0001109,4378.117619
6102,42.79044348,-88.99987232,4356.956815
6105,42.79027957,-88.99963481,4335.820729
6108,42.79011612,-88.99939836,4314.709363
6111,42.78995313,-88.99916298,4293.622716
6114,42.78979059,-88.99892865,4272.560788
6117,42.78962851,-88.99869539,4251.523579
6120,42.78946689,-88.99846319,4230.511089
6123,42.78930574,-88.99823206,4209.523319
6126,42.78914505,-88.99800199,4188.560267
6129,42.78898482,-88.99777298,4167.621935
6132,42.78882506,-88.99754503,4146.708322
6135,42.78866576,-88.99731814,4125.819427
6138,42.78850694,-88.99709232,4104.955252
6141,42.78834859,-88.99686756,4084.115796
6144,42.78819071,-88.99664386,4063.30106
6147,42.78803331,-88.99642123,4042.511042
6150,42.78787638,-88.99619966,4021.745743
6153,42.78771993,-88.99597914,4001.005164
6156,42.78756397,-88.9957597,3980.289304
6159,42.78740848,-88.99554131,3959.598162
6162,42.78725347,-88.99532398,3938.93174
6165,42.78709896,-88.99510772,3918.290037
6168,42.78694492,-88.99489251,3897.673053
6171,42.78679138,-88.99467837,3877.080789
6174,42.78663832,-88.99446529,3856.513243
6177,42.78648576,-88.99425327,3835.970417
6180,42.78633369,-88.99404231,3815.442176
6183,42.78618211,-88.99383242,3794.88081
6186,42.78603103,-88.99362358,3774.341704
6189,42.78588046,-88.99341582,3753.824856
6192,42.78573038,-88.99320911,3733.330268
6195,42.78558032,-88.99300313,3712.857938
6198,42.78543001,-88.99279768,3692.407867
6201,42.78527945,-88.99259278,3671.980055
6204,42.78512863,-88.99238841,3651.574502
6207,42.78497755,-88.99218459,3631.191208
6210,42.78482622,-88.9919813,3610.830173
6213,42.78467464,-88.99177857,3590.491397
6216,42.78452281,-88.99157638,3570.17488
6219,42.78437072,-88.99137474,3549.880621
6222,42.78421839,-88.99117365,3529.608622
6225,42.7840658,-88.99097311,3509.358881
6228,42.78391296,-88.99077313,3489.1314
6231,42.78375987,-88.99057371,3468.926177
6234,42.78360653,-88.99037484,3448.743213
6237,42.78345294,-88.99017653,3428.582509
6240,42.7832991,-88.98997879,3408.444063
6243,42.78314502,-88.9897816,3388.327876
6246,42.78299068,-88.98958499,3368.233948
6249,42.7828361,-88.98938894,3348.162279
6252,42.78268127,-88.98919346,3328.112869
6255,42.7825262,-88.98899855,3308.085717
6258,42.78237088,-88.98880421,3288.080825
6261,42.78221531,-88.98861045,3268.098192
6264,42.7820595,-88.98841726,3248.137817
6267,42.78190345,-88.98822466,3228.199702
6270,42.78174715,-88.98803263,3208.283845
6273,42.78159061,-88.98784118,3188.390247
6276,42.78143383,-88.98765032,3168.518908
6279,42.7812768,-88.98746005,3148.669829
6282,42.78111954,-88.98727036,3128.843008
6285,42.78096212,-88.98708101,3109.038446
6288,42.78080458,-88.98689192,3089.256143
6291,42.78064692,-88.98670308,3069.496098
6294,42.78048913,-88.9865145,3049.758313
6297,42.78033122,-88.98632617,3030.042787
6300,42.78017318,-88.98613809,3010.34952
6303,42.78001501,-88.98595027,2990.678511
6306,42.77985672,-88.98576271,2971.029762
6309,42.7796983,-88.98557541,2951.403271
6312,42.77953975,-88.98538836,2931.799039
6315,42.77938107,-88.98520157,2912.217067
6318,42.77922225,-88.98501504,2892.657353
6321,42.77906331,-88.98482877,2873.119898
6324,42.77890423,-88.98464277,2853.604702
6327,42.77874502,-88.98445702,2834.111765
6330,42.77858567,-88.98427154,2814.641087
6333,42.77842619,-88.98408632,2795.192668
6336,42.77826657,-88.98390137,2775.766507
6339,42.77810681,-88.98371668,2756.362606
6342,42.77794691,-88.98353226,2736.968564
6345,42.77778687,-88.9833481,2717.543901
6348,42.77762669,-88.98316421,2698.138617
6351,42.77746637,-88.9829806,2678.752711
6354,42.77730591,-88.98279725,2659.386184
6357,42.7771453,-88.98261417,2640.039036
6360,42.77698454,-88.98243137,2620.711266
6363,42.77682364,-88.98224884,2601.402875
6366,42.7766626,-88.98206658,2582.113863
6369,42.7765014,-88.98188459,2562.844229
6372,42.77634037,-88.98170379,2543.593975
6375,42.77617967,-88.9815246,2524.363099
6378,42.77601929,-88.98134703,2505.151601
6381,42.77585926,-88.98117106,2485.959482
6384,42.77569957,-88.9809967,2466.786742
6387,42.77554023,-88.98082394,2447.633381
6390,42.77538125,-88.98065278,2428.499398
6393,42.77522264,-88.98048321,2409.384794
6396,42.7750644,-88.98031522,2390.289569
6399,42.77490654,-88.98014882,2371.213723
6402,42.77474907,-88.979984,2352.157255
6405,42.77459199,-88.97982075,2333.120166
6408,42.77443531,-88.97965907,2314.102455
6411,42.77427904,-88.97949895,2295.104123
6414,42.77412318,-88.9793404,2276.12517
6417,42.77396774,-88.9791834,2257.165596
6420,42.77381273,-88.97902795,2238.2254
6423,42.77365815,-88.97887405,2219.304583
6426,42.77350402,-88.97872168,2200.403145
6429,42.77335033,-88.97857086,2181.521085
6432,42.77319709,-88.97842156,2162.658404
6435,42.77304431,-88.97827378,2143.815102
6438,42.772892,-88.97812753,2124.991179
6441,42.77274017,-88.97798279,2106.186634
6444,42.77258881,-88.97783956,2087.401468
6447,42.77243794,-88.97769783,2068.63568
6450,42.77228757,-88.97755761,2049.889272
6453,42.77213769,-88.97741887,2031.162241
6456,42.77198833,-88.97728213,2012.45459
6459,42.77183952,-88.97714808,1993.766317
6462,42.77169129,-88.9770167,1975.097424
6465,42.77154365,-88.97688797,1956.447908
6468,42.77139663,-88.97676188,1937.817772
6471,42.77125025,-88.9766384,1919.207014
6474,42.77110454,-88.97651752,1900.606482
6477,42.77095951,-88.97639922,1881.997695
6480,42.77081519,-88.97628349,1863.406667
6483,42.77067161,-88.9761703,1844.8334
6486,42.77052877,-88.97605963,1826.277892
6489,42.77038671,-88.97595146,1807.740144
6492,42.77024545,-88.97584577,1789.220157
6495,42.770105,-88.97574255,1770.717929
6498,42.7699654,-88.97564176,1752.233461
6501,42.76982665,-88.97554339,1733.766753
6504,42.76968878,-88.97544742,1715.317805
6507,42.76955181,-88.97535381,1696.886617
6510,42.76941576,-88.97526256,1678.473189
6513,42.76928066,-88.97517363,1660.077521
6516,42.76914651,-88.97508701,1641.699612
6519,42.76901334,-88.97500267,1623.339464
6522,42.76888118,-88.97492058,1604.997076
6525,42.76875003,-88.97484073,1586.672447
6528,42.76861992,-88.97476308,1568.365579
6531,42.76849087,-88.97468762,1550.07647
6534,42.7683629,-88.97461432,1531.805122
6537,42.76823602,-88.97454314,1513.551533
6540,42.76811474,-88.97446029,1495.315704
6543,42.7680007,-88.97436406,1477.097635
6546,42.76789467,-88.97425552,1458.897326
6549,42.76779735,-88.97413585,1440.714778
6552,42.76770934,-88.97400629,1422.549989
6555,42.76763114,-88.97386812,1404.40296
6558,42.76756317,-88.97372268,1386.27369
6561,42.76750575,-88.97357133,1368.162181
6564,42.76745909,-88.97341546,1350.068432
6567,42.76742332,-88.97325646,1331.992443
6570,42.76739846,-88.9730957,1313.934213
6573,42.76738445,-88.97293454,1295.893744
6576,42.76738112,-88.97277433,1277.871035
6579,42.76738824,-88.97261634,1259.866085
6582,42.76740547,-88.97246181,1241.878895
6585,42.7674324,-88.97231193,1223.909466
6588,42.76746856,-88.97216779,1205.957796
6591,42.76751341,-88.97203042,1188.023886
6594,42.76756632,-88.97190077,1170.107736
6597,42.76762666,-88.97177967,1152.209347
6600,42.7676937,-88.97166789,1134.328717
6603,42.76776671,-88.97156607,1116.465847
6606,42.76784492,-88.97147477,1098.609419
6609,42.76792753,-88.97139443,1080.744835
6612,42.76801373,-88.9713254,1062.895751
6615,42.7681027,-88.97126789,1045.062167
6618,42.76819362,-88.97122203,1027.244081
6621,42.76828391,-88.9711762,1009.441495
6624,42.76837337,-88.97112923,991.6544078
6627,42.76846197,-88.97108114,973.8828201
6630,42.76854971,-88.97103194,956.1267316
6633,42.76863656,-88.97098163,938.3861424
6636,42.76872253,-88.97093022,920.6610525
6639,42.76880759,-88.97087772,902.9514618
6642,42.76889174,-88.97082414,885.2573704
6645,42.76897497,-88.97076949,867.5787783
6648,42.76905726,-88.97071377,849.9156854
6651,42.76913859,-88.97065702,832.2680918
6654,42.76921897,-88.97059922,814.6359974
6657,42.76929838,-88.97054041,797.0194023
6660,42.76937151,-88.97047046,779.4183065
6663,42.76943444,-88.97038655,761.8327099
6666,42.76948581,-88.97029132,744.2626126
6669,42.76952462,-88.97018765,726.7080146
6672,42.76955024,-88.9700785,709.1689158
6675,42.76956239,-88.96996692,691.6453163
6678,42.76956118,-88.96985589,674.137216
6681,42.76954706,-88.96974831,656.644615
6684,42.76952082,-88.96964687,639.1675133
6687,42.76948352,-88.969554,621.7059109
6690,42.7694365,-88.96947185,604.2598077
6693,42.76938129,-88.9694022,586.8292037
6696,42.7693196,-88.96934643,569.414099
6699,42.76925616,-88.96929704,552.014298
6702,42.76919347,-88.969248,534.6097162
6705,42.76913153,-88.96919931,517.2187298
6708,42.76907035,-88.96915096,499.841339
6711,42.76900991,-88.96910296,482.4775437
6714,42.76895022,-88.96905532,465.1273439
6717,42.76889128,-88.96900804,447.7907396
6720,42.76883309,-88.96896113,430.4677309
6723,42.76877564,-88.96891458,413.1583176
6726,42.76871893,-88.9688684,395.8624998
6729,42.76866297,-88.96882261,378.5802776
6732,42.76860775,-88.9687772,361.3116508
6735,42.76855327,-88.96873217,344.0566196
6738,42.76849928,-88.96868745,326.8151838
6741,42.76844562,-88.96864296,309.5873436
6744,42.76839229,-88.96859871,292.3730989
6747,42.76833928,-88.96855471,275.1724496
6750,42.7682866,-88.96851095,257.9853959
6753,42.76823425,-88.96846743,240.8119377
6756,42.76818223,-88.96842415,223.652075
6759,42.76813054,-88.96838112,206.5058079
6762,42.76807918,-88.96833833,189.3596897
6765,42.76802814,-88.96829578,172.2109891
6768,42.76797744,-88.96825348,155.0709751
6771,42.76792707,-88.96821143,137.9396477
6774,42.76787702,-88.96816962,120.817007
6777,42.76782704,-88.96812785,103.7030528
6780,42.76777706,-88.96808608,86.5977852
6783,42.76772708,-88.9680443,69.50120422
6786,42.7676771,-88.96800252,52.41330985
6789,42.76762713,-88.96796074,35.33410208
6792,42.76757716,-88.96791895,18.26175497
6795,42.7675272,-88.96787716,0
